gen,w_bar,w_var,k1_var,k2_var,f_var,mean_k1,mean_k2,mean_f
0,0.999999928957,2.78049479302e-15,387.080896944,397.052785261,0.0,10000000.3825,100000000.432,1
1,0.99999989205,6.10033293108e-15,882.869931221,756.40406856,0.0,10000000.5166,99999999.1599,1
2,0.999999873859,7.90331950519e-15,1184.09928812,1194.43629441,0.0,9999999.75681,99999998.6391,1
3,0.999999852622,1.17139439349e-14,1660.80949834,1536.28558773,0.0,9999998.64351,99999998.1093,1
4,0.999999833796,1.51448024777e-14,2122.2896781,2000.92713346,0.0,9999998.86449,99999998.9053,1
5,0.999999820775,1.85058815837e-14,2522.5613431,2318.61484521,0.0,10000000.5366,99999997.9446,1
6,0.999999808321,2.16657193676e-14,2895.334433,2659.82505248,0.0,9999999.12151,99999994.3606,1
7,0.999999782519,2.42750821678e-14,3541.32114205,3127.95888675,0.0,9999995.78742,99999992.139,1
8,0.999999772041,2.64113495278e-14,3864.01842466,3176.54537535,0.0,9999996.4924,99999989.3671,1
9,0.999999769737,3.04270578887e-14,4066.33779561,3494.54924514,0.0,9999993.39178,99999986.9789,1
10,0.999999761803,3.24388611814e-14,4300.12986542,3783.20226413,0.0,9999991.26864,99999988.2165,1
11,0.999999748659,3.58047101397e-14,4803.29807107,4234.51461198,0.0,9999990.13293,99999991.2556,1
12,0.999999741854,3.90364226419e-14,5180.28460071,4648.59784456,0.0,9999992.3875,99999992.3683,1
13,0.999999736928,4.26471378942e-14,5411.50194194,5272.07497466,0.0,9999989.88714,99999995.158,1
14,0.999999730275,4.87151907579e-14,5711.27145545,5946.84876521,0.0,9999984.52965,99999997.8848,1
15,0.999999711831,4.88138412627e-14,6208.99858841,7148.38787944,0.0,9999984.59787,99999995.1946,1
16,0.999999714158,4.72965901415e-14,6119.53309152,7367.67765834,0.0,9999986.18377,99999994.8783,1
17,0.999999699489,4.92053219495e-14,6593.56424411,7750.87133369,0.0,9999985.04938,99999995.4172,1
18,0.999999692048,5.42714297873e-14,7166.57431825,8093.96546769,0.0,9999987.62035,99999999.0139,1
19,0.999999687037,5.27528941248e-14,7205.8321477,8155.33901166,0.0,9999987.66455,99999993.9947,1
20,0.999999689182,5.35216335348e-14,7128.93587324,8528.98021029,0.0,9999986.86137,99999996.6856,1
21,0.999999682186,5.24494710129e-14,7306.91015795,9070.55800377,0.0,9999988.67766,99999991.7408,1
22,0.999999664526,5.72022982816e-14,7990.98877463,10016.2467335,0.0,9999983.69837,99999990.9345,1
23,0.999999643728,6.97590513767e-14,9136.05835825,11040.7485761,0.0,9999978.95316,99999988.7053,1
24,0.999999629668,7.42276866987e-14,9503.43360637,11392.0811623,0.0,9999971.31219,99999991.489,1
25,0.999999614197,7.78246936339e-14,9956.20418225,12136.7765034,0.0,9999966.95956,99999995.3636,1
26,0.999999596368,8.1177023839e-14,10738.7494847,13324.2866212,0.0,9999966.78907,99999998.8877,1
27,0.999999603752,8.55790022834e-14,10843.5169248,13855.0042714,0.0,9999968.60221,100000001.623,1
28,0.999999610939,8.16092448625e-14,10446.8710294,15538.8930889,0.0,9999970.00203,100000000.238,1
29,0.999999594908,8.64820413965e-14,11440.8820495,17146.5927645,0.0,9999971.48159,99999997.7004,1
30,0.999999576341,9.08052420856e-14,12618.701466,17717.9692708,0.0,9999976.03681,99999995.7052,1
31,0.999999584184,9.30662412695e-14,12708.310579,17834.6613438,0.0,9999982.25801,99999997.3449,1
32,0.999999580486,9.74895083839e-14,13088.3913611,17499.5280146,0.0,9999981.65733,99999989.3674,1
33,0.999999577778,9.21486991488e-14,12779.0150695,19556.987416,0.0,9999978.8955,99999993.7237,1
34,0.999999575261,9.70294761485e-14,12937.8530527,19327.298856,0.0,9999973.85644,99999999.7261,1
35,0.999999549009,1.00756568463e-13,14614.7226286,19416.0565179,0.0,9999983.6108,99999997.1254,1
36,0.999999532918,1.05481940604e-13,15728.5937916,20214.4012519,0.0,9999986.02939,100000009.738,1
37,0.999999520974,1.06479062158e-13,16072.6573056,21392.1678697,0.0,9999980.02569,100000002.789,1
38,0.999999527629,1.06502088641e-13,15747.8483517,22813.5112645,0.0,9999979.74464,100000004.304,1
39,0.999999488315,1.2522435504e-13,18735.6513159,20982.9360641,0.0,9999985.98606,100000003.038,1
40,0.999999491429,1.16542500049e-13,18192.9692991,19929.3841191,0.0,9999985.03076,100000001.672,1
41,0.999999491055,1.09660510807e-13,17846.8696812,19886.733123,0.0,9999984.57979,99999999.3056,1
42,0.999999508344,1.00737156524e-13,16500.3724874,21053.4608742,0.0,9999982.74456,99999995.4261,1
43,0.999999517531,9.86862582296e-14,15743.7910065,21293.9493262,0.0,9999976.14514,100000002.851,1
44,0.999999521776,9.73098455261e-14,15356.8151983,21310.9294544,0.0,9999974.36389,100000001.043,1
45,0.999999539127,9.93793304467e-14,14960.8038044,21175.9793525,0.0,9999978.39156,100000008.146,1
46,0.999999537419,9.58156651859e-14,14722.4888451,22407.973786,0.0,9999973.60891,100000007.504,1
47,0.999999529814,9.75240823579e-14,14966.9119046,22874.8132921,0.0,9999969.71633,100000006.709,1
48,0.999999529337,1.1454094996e-13,16030.0242328,23494.6910141,0.0,9999975.67266,100000005.158,1
49,0.999999507448,1.20406873128e-13,17509.3595125,21811.8633338,0.0,9999980.10027,100000003.352,1
50,0.999999486842,1.21166791035e-13,18218.9243159,21612.4768556,0.0,9999972.57748,100000006.046,1
51,0.999999474259,1.21438291598e-13,18846.5587825,22869.5611701,0.0,9999972.09904,100000008.282,1
52,0.999999478557,1.2339518545e-13,18955.2493547,22652.2334835,0.0,9999974.87894,100000016.893,1
53,0.999999475019,1.25226569901e-13,19320.8799271,23065.6021841,0.0,9999976.16942,100000004.51,1
54,0.99999945705,1.34646227149e-13,20798.7593191,23410.3388973,0.0,9999975.71111,100000001.749,1
55,0.999999458572,1.22007243541e-13,19897.758973,24360.3169194,0.0,9999973.1278,100000001.926,1
56,0.999999464379,1.23429440118e-13,19182.3359251,26467.9539119,0.0,9999966.03525,100000005.313,1
57,0.999999466138,1.23055897464e-13,19238.5699698,28408.9903991,0.0,9999969.5863,100000003.269,1
58,0.999999461302,1.28064749687e-13,19437.0047202,28449.6169518,0.0,9999964.65401,100000001.564,1
59,0.999999456745,1.33090093454e-13,19923.0000566,27168.6707967,0.0,9999968.358,100000000.262,1
60,0.999999437979,1.36717567455e-13,20752.4928366,28353.3835383,0.0,9999962.66514,99999999.5939,1
61,0.99999944888,1.34221227375e-13,19473.3698699,28000.8161275,0.0,9999956.26228,100000004.635,1
62,0.99999943162,1.45424368749e-13,21525.6274126,27730.0722997,0.0,9999963.81871,100000001.426,1
63,0.999999411045,1.53614619392e-13,23677.0725266,28273.8648906,0.0,9999971.94818,99999998.3294,1
64,0.999999417013,1.46659743518e-13,22732.0787809,28294.7824837,0.0,9999968.00191,99999994.0852,1
65,0.999999392809,1.55597566119e-13,24521.7681992,29338.2415084,0.0,9999967.50916,99999993.1198,1
66,0.999999385142,1.53873517836e-13,25380.1919632,30551.8875807,0.0,9999970.84443,100000003.089,1
67,0.999999369496,1.74177640909e-13,26816.3425937,29624.6642798,0.0,9999964.56557,100000001.725,1
68,0.999999377578,1.71532940573e-13,26425.5652515,31463.9193499,0.0,9999967.34646,99999999.4229,1
69,0.999999377165,1.70329827717e-13,26774.3482175,32077.1376234,0.0,9999972.68568,100000002.926,1
70,0.999999393681,1.65513698703e-13,25278.4013984,33286.2053448,0.0,9999973.01802,100000003.74,1
71,0.999999388668,1.69576208502e-13,25860.806945,31750.4026703,0.0,9999974.21891,99999998.7491,1
72,0.999999385843,1.69979132383e-13,25920.2582585,30880.408811,0.0,9999971.17694,99999999.8183,1
73,0.999999393158,1.66094884728e-13,25113.4096948,30531.9682589,0.0,9999966.58033,99999996.3617,1
74,0.999999396404,1.69587289864e-13,25304.3797207,28183.2170275,0.0,9999969.13969,99999995.6635,1
75,0.999999398759,1.5614288052e-13,24610.423087,28550.7735048,0.0,9999969.42716,100000006.201,1
76,0.999999406017,1.8209579042e-13,25715.7531214,27173.8783287,0.0,9999975.84945,100000009.465,1
77,0.999999428647,1.80905006833e-13,24543.5072986,27051.0457361,0.0,9999981.02772,100000011.539,1
78,0.999999436086,1.81691178752e-13,24203.5527937,27651.2981403,0.0,9999984.82554,100000011.412,1
79,0.99999942864,1.64804116628e-13,23825.0727373,27817.7835649,0.0,9999989.17985,100000009.354,1
80,0.999999447535,1.50541282752e-13,22196.9756344,28969.1903279,0.0,9999987.96486,100000005.927,1
81,0.999999450505,1.37751343219e-13,21410.9446401,27744.393196,0.0,9999989.3691,100000011.594,1
82,0.999999446236,1.36513553199e-13,21594.9104797,26269.2695779,0.0,9999994.21592,100000018.43,1
83,0.999999455614,1.39175052129e-13,21264.2069711,26248.5219798,0.0,9999989.8631,100000026.969,1
84,0.999999449912,1.32943966887e-13,21371.3428136,23715.5830332,0.0,9999996.8414,100000025.226,1
85,0.999999437301,1.25932418165e-13,21814.3677327,24532.6354918,0.0,10000000.7652,100000028.135,1
86,0.999999431586,1.35660637738e-13,22632.3412455,25382.892115,0.0,9999994.70142,100000024.975,1
87,0.999999445594,1.29594175294e-13,21629.7401094,23806.3629326,0.0,9999993.6877,100000024.51,1
88,0.999999427266,1.36677711063e-13,22701.8796653,24093.2944523,0.0,9999992.71155,100000030.422,1
89,0.999999425996,1.40694835578e-13,23066.3981011,23017.298236,0.0,9999997.78513,100000035.217,1
90,0.999999426143,1.48501065908e-13,23311.5732303,24226.3623926,0.0,9999993.03694,100000040.013,1
91,0.999999427432,1.48377950153e-13,23429.8711344,23342.7491766,0.0,9999993.26805,100000043.841,1
92,0.999999428463,1.48428954305e-13,23412.7223563,21901.9565715,0.0,9999994.39728,100000041.633,1
93,0.999999418596,1.61125144914e-13,24582.7376752,21482.7119955,0.0,9999999.81836,100000040.752,1
94,0.999999415192,1.61455636888e-13,24806.6944041,21834.793977,0.0,9999992.42443,100000034.931,1
95,0.999999417124,1.68026305413e-13,25112.1859204,21268.4548322,0.0,10000000.0454,100000038.561,1
96,0.999999419079,1.67719298253e-13,24838.1470548,22559.9144395,0.0,9999993.63133,100000042.72,1
97,0.99999939985,1.79888418456e-13,26593.5313847,22635.7833891,0.0,9999991.27421,100000042.961,1
98,0.999999388245,1.8882465882e-13,27552.5291859,23593.7616436,0.0,9999991.02179,100000037.875,1
99,0.999999373223,1.97237870225e-13,28871.0281214,22863.4335651,0.0,9999989.12475,100000041.178,1
100,0.999999352933,2.04486416895e-13,30463.5091893,22449.8898391,0.0,9999983.61352,100000044.303,1
101,0.999999347721,2.13617466524e-13,31402.7738336,21974.997248,0.0,9999987.18747,100000046.737,1
102,0.999999327818,2.25468499348e-13,33279.2964261,21503.1705011,0.0,9999989.07149,100000046.505,1
103,0.999999302912,2.28095135981e-13,35197.5503275,22053.5871888,0.0,9999988.35146,100000046.023,1
104,0.99999929129,2.40174615667e-13,36669.0892629,21379.3434976,0.0,9999990.29179,100000045.141,1
105,0.999999266253,2.56482519036e-13,39227.8743055,21142.0804587,0.0,9999989.73647,100000052.159,1
106,0.999999266532,2.71560219616e-13,39781.5835621,21914.2166475,0.0,9999999.10493,100000055.666,1
107,0.999999260619,2.77571062428e-13,40496.2295429,21480.25854,0.0,9999996.4314,100000050.872,1
108,0.99999922348,3.03610990379e-13,44734.8859966,21754.6264388,0.0,9999998.59495,100000051.628,1
109,0.999999213317,3.14390440566e-13,45935.5473234,23283.3871838,0.0,9999989.48241,100000059.864,1
110,0.999999232151,2.91515943973e-13,43706.8559886,22595.1227547,0.0,9999995.71677,100000057.277,1
111,0.999999222741,3.06621731006e-13,45197.5986742,23147.9060112,0.0,9999988.75287,100000053.4,1
112,0.999999225862,3.04597977353e-13,44562.3642022,23207.5649528,0.0,9999974.37659,100000048.881,1
113,0.999999230329,3.10687948492e-13,44482.4481413,22101.9894884,0.0,9999974.28614,100000054.178,1
114,0.99999921433,3.28006703606e-13,46067.4850598,23023.243246,0.0,9999963.85849,100000061.84,1
115,0.999999187316,3.22868349993e-13,47739.9676558,22053.3140813,0.0,9999958.00121,100000070.302,1
116,0.999999173565,3.30257632184e-13,48492.1070409,21705.2885924,0.0,9999949.83492,100000076.065,1
117,0.999999210452,3.1533872605e-13,45619.5883133,22977.2462101,0.0,9999959.7408,100000073.239,1
118,0.999999201928,3.23927548064e-13,46766.8169714,23354.3526055,0.0,9999960.13153,100000067.117,1
119,0.999999222624,3.00452209314e-13,43416.9867793,21581.1975809,0.0,9999952.46296,100000071.623,1
120,0.999999211848,3.0173573425e-13,43554.9889199,22662.3344001,0.0,9999943.08206,100000074.484,1
121,0.999999234817,2.8220658391e-13,42059.5105662,24732.1764497,0.0,9999955.01327,100000072.29,1
122,0.99999927231,2.64169541882e-13,38621.63152,24941.2085894,0.0,9999959.95075,100000069.732,1
123,0.999999269624,2.69164242653e-13,38792.1435302,23235.6378911,0.0,9999957.09006,100000073.558,1
124,0.999999261942,2.77194651393e-13,39790.842965,23248.5548946,0.0,9999957.26129,100000074.741,1
125,0.999999244058,2.89963645788e-13,41649.0526504,24904.5543904,0.0,9999956.35157,100000081.551,1
126,0.999999249471,2.56957525128e-13,40263.4611876,24699.3499332,0.0,9999965.01508,100000091.802,1
127,0.999999245806,2.61169640533e-13,40744.2608425,24328.9306532,0.0,9999965.65683,100000091.18,1
128,0.999999257323,2.55564015202e-13,39688.8769399,23459.8586067,0.0,9999969.54038,100000091.629,1
129,0.999999261388,2.60320162118e-13,39586.242592,23341.7292308,0.0,9999967.20562,100000088.458,1
130,0.999999263164,2.63108039433e-13,40049.1308687,24139.681424,0.0,9999972.77183,100000083.736,1
131,0.999999246957,2.7281551409e-13,41466.1522109,23863.2348132,0.0,9999967.07301,100000089.464,1
132,0.999999217594,2.96951658911e-13,45200.9613194,24996.3109744,0.0,9999968.66899,100000085.369,1
133,0.99999920935,2.96283120298e-13,44881.1017064,25902.6265531,0.0,9999954.60912,100000091.598,1
134,0.999999238313,2.87002504766e-13,42304.7615742,24579.9748974,0.0,9999957.01885,100000095.133,1
135,0.999999240575,2.69950234153e-13,42355.5012656,24899.0489284,0.0,9999971.4674,100000090.118,1
136,0.999999217019,2.84750843422e-13,45167.0181786,26929.4805528,0.0,9999975.61448,100000087.612,1
137,0.999999192877,2.82774803273e-13,47004.1396368,29439.9437496,0.0,9999975.37276,100000086.944,1
138,0.999999170792,2.95402175685e-13,49299.2854891,29285.786541,0.0,9999971.20453,100000087.064,1
139,0.999999157537,3.1222893501e-13,50832.1442563,30706.7484977,0.0,9999961.51008,100000092.248,1
140,0.999999142953,3.07938590169e-13,51812.9738993,29310.629671,0.0,9999958.31523,100000103.029,1
141,0.999999148238,3.14476654933e-13,51930.6547393,27882.9941045,0.0,9999963.73992,100000102.794,1
142,0.999999135052,3.0514966444e-13,53126.9041513,26468.5861174,0.0,9999982.59857,100000097.098,1
143,0.999999157427,3.05835682717e-13,51259.809221,26602.1449557,0.0,9999987.31342,100000086.843,1
144,0.999999173375,3.00381218156e-13,49743.7719408,25868.5366169,0.0,9999990.86573,100000080.678,1
145,0.99999916106,3.07477006946e-13,50917.2544651,25215.267408,0.0,9999977.99598,100000082.928,1
146,0.999999137875,3.14293620422e-13,53346.8594191,27385.6675369,0.0,9999978.87284,100000078.637,1
147,0.999999144138,3.09152234558e-13,52338.9511433,27271.9883283,0.0,9999973.66599,100000084.31,1
148,0.999999125241,3.15957647184e-13,53906.3519064,28299.1341257,0.0,9999964.57443,100000099.012,1
149,0.999999123471,3.20508903958e-13,54243.6892531,28012.157029,0.0,9999962.40468,100000091.843,1
150,0.999999098681,3.18312483553e-13,56526.7670266,26403.7002244,0.0,9999968.05922,100000093.371,1
151,0.999999089275,3.28361689894e-13,58127.3300027,25971.0534225,0.0,9999975.43306,100000091.741,1
152,0.999999088696,3.35527916841e-13,58625.2587986,26737.1515033,0.0,9999978.26949,100000095.866,1
153,0.999999077155,3.23229789697e-13,59194.8112342,26135.4593127,0.0,9999976.60867,100000092.621,1
154,0.999999094416,3.23071412076e-13,57375.5689859,27367.0448845,0.0,9999976.10206,100000091.641,1
155,0.999999105463,3.17221508009e-13,56173.2720178,28363.8615693,0.0,9999981.85405,100000091.231,1
156,0.99999906799,3.28186863515e-13,60046.6153838,27956.301144,0.0,9999987.04566,100000097.484,1
157,0.999999069974,3.17012281695e-13,59358.2555634,29690.3727867,0.0,9999979.86412,100000098.896,1
158,0.999999079011,3.1113334556e-13,58398.162707,31287.4503952,0.0,9999984.86735,100000103.317,1
159,0.999999056332,3.29440209793e-13,61478.687249,34322.5611343,0.0,9999981.61842,100000101.101,1
160,0.999999041545,3.38564323386e-13,63216.4594421,36077.0688283,0.0,9999970.96215,100000109.403,1
161,0.999999035627,3.47342522268e-13,64100.9356175,34669.7387464,0.0,9999966.0651,100000115.637,1
162,0.99999904303,3.65810966441e-13,63643.1869595,34269.0634649,0.0,9999958.25489,100000122.371,1
163,0.999999041091,3.87360692947e-13,65739.6557403,34474.1603293,0.0,9999971.79133,100000114.272,1
164,0.999999049938,3.79258110632e-13,64302.3109996,36504.8651423,0.0,9999967.91836,100000108.453,1
165,0.999999053837,3.7881203889e-13,63651.6028972,36848.9426768,0.0,9999963.48905,100000108.323,1
166,0.999999067502,3.72205843463e-13,61377.8074057,37179.7433558,0.0,9999955.22283,100000111.077,1
167,0.999999092862,3.77048770211e-13,59838.0636284,33090.5982765,0.0,9999962.4483,100000113.294,1
168,0.999999070897,4.0068718983e-13,62533.575149,29681.3417886,0.0,9999956.84467,100000115.525,1
169,0.999999061103,3.98198880757e-13,62518.1828214,31384.1347403,0.0,9999949.33981,100000116.818,1
170,0.999999069958,3.79577986151e-13,61191.9867141,33969.9334233,0.0,9999953.53577,100000117.974,1
171,0.999999096413,3.94110767118e-13,58572.4173035,34270.2769815,0.0,9999942.11189,100000120.655,1
172,0.999999088059,3.96481467997e-13,60092.3081456,39047.3809898,0.0,9999947.95007,100000114.654,1
173,0.999999072178,4.23844164568e-13,63506.6031581,44005.3710106,0.0,9999953.32472,100000118.926,1
174,0.999999091745,3.92630054524e-13,60375.3504548,44430.5795207,0.0,9999957.76357,100000122.587,1
175,0.999999100069,3.91007237011e-13,58502.2852246,41962.8883179,0.0,9999946.15749,100000126.562,1
176,0.999999127119,4.00473242354e-13,56996.3458032,43268.4838098,0.0,9999951.91343,100000125.942,1
177,0.999999109518,4.00439132504e-13,58156.5231014,42269.7863584,0.0,9999949.24385,100000117.607,1
178,0.999999105059,4.02903529497e-13,59479.9636702,42063.9117777,0.0,9999958.34448,100000121.105,1
179,0.999999127416,3.89208129636e-13,56265.9098216,40981.2103379,0.0,9999951.7605,100000127.631,1
180,0.999999127995,3.99668833967e-13,56566.3566026,41648.5932536,0.0,9999951.13711,100000108.436,1
181,0.999999115659,3.91091728344e-13,57906.4356154,40163.1632492,0.0,9999961.01283,100000111.061,1
182,0.999999115153,3.87131067003e-13,57107.4385703,41109.3145981,0.0,9999953.43315,100000105.395,1
183,0.99999911963,4.03284866123e-13,57564.7947918,40965.2316384,0.0,9999955.75787,100000102.439,1
184,0.99999915657,3.64004560141e-13,52843.5465379,44301.5059812,0.0,9999963.18645,100000095.885,1
185,0.999999136639,3.81663243936e-13,55383.9462879,41905.2643029,0.0,9999959.9915,100000103.627,1
186,0.999999148098,3.62092486846e-13,53511.5230319,40996.4502695,0.0,9999964.17569,100000091.732,1
187,0.999999121085,3.67874998039e-13,56125.0630513,37679.1511824,0.0,9999964.58309,100000094.51,1
188,0.99999913405,3.76356797004e-13,55606.6741925,36557.7890707,0.0,9999969.34706,100000097.446,1
189,0.999999154491,3.63083768919e-13,53075.5803195,36470.1094221,0.0,9999976.44671,100000095.571,1
190,0.999999156823,3.57970491915e-13,52761.3436558,36823.5645596,0.0,9999980.87197,100000105.615,1
191,0.999999177804,3.75027399989e-13,51426.6732124,38162.374887,0.0,9999972.91397,100000106.963,1
192,0.999999184177,3.39203391931e-13,49249.8494675,37146.9245652,0.0,9999981.60293,100000101.693,1
193,0.999999179451,3.55105633767e-13,50312.0904077,39207.3369531,0.0,9999980.1906,100000099.651,1
194,0.999999186152,3.51291882847e-13,49687.8534562,40415.4816767,0.0,9999984.60137,100000096.423,1
195,0.9999991384,3.95599805413e-13,55516.6269124,39496.7898873,0.0,9999977.42496,100000091.122,1
196,0.999999159631,3.88388476996e-13,53716.5748325,38823.6549521,0.0,9999985.9793,100000082.031,1
197,0.999999162405,4.02946879154e-13,54196.9299385,42765.3806968,0.0,9999987.00168,100000079.045,1
198,0.999999140983,4.02984748e-13,56021.9858945,45839.4645793,0.0,9999985.09325,100000084.361,1
199,0.999999122358,4.15651651054e-13,57855.1330457,48041.2081202,0.0,9999981.54685,100000073.914,1
200,0.999999150012,4.10282057907e-13,54698.8532974,49601.1610591,0.0,9999977.24577,100000078.905,1
201,0.999999123585,4.36754887407e-13,58449.010412,48608.3301678,0.0,9999981.79184,100000077.404,1
202,0.999999107279,4.34149982347e-13,59768.1548052,48223.6513237,0.0,9999995.98695,100000072.506,1
203,0.999999089742,4.6106667643e-13,62633.4486355,49695.7792754,0.0,9999995.48112,100000074.982,1
204,0.999999095095,4.68220322698e-13,62616.9235391,52306.3020225,0.0,9999999.40688,100000072.631,1
205,0.999999088393,4.74746852955e-13,63147.0686269,53629.3819638,0.0,10000000.0678,100000075.757,1
206,0.999999075582,4.79677330903e-13,64634.9625757,57949.3909688,0.0,10000001.0007,100000070.222,1
207,0.999999080256,4.82663718869e-13,64559.7524317,60240.1066848,0.0,10000003.7356,100000076.002,1
208,0.999999049856,5.14096790715e-13,68833.5519784,61269.5579741,0.0,9999992.21772,100000070.973,1
209,0.999999061151,5.61910944653e-13,70142.6030021,60805.4010146,0.0,9999989.58426,100000075.118,1
210,0.999999053578,5.6646344698e-13,70937.0687236,65164.6610148,0.0,9999985.4831,100000077.603,1
211,0.999999060656,5.46571391354e-13,69258.139109,68214.7345864,0.0,9999988.26477,100000077.506,1
212,0.999999072602,5.71640743523e-13,69103.7165405,65056.7181429,0.0,9999979.58045,100000084.786,1
213,0.999998985817,6.28668339839e-13,80156.4681077,66126.5180737,0.0,9999984.24587,100000082.825,1
214,0.99999895355,6.46842605633e-13,83930.2635458,71257.019756,0.0,10000000.1553,100000081.396,1
215,0.999998941008,6.2786017589e-13,84394.369369,72552.2461688,0.0,9999996.1565,100000099.112,1
216,0.999998953062,6.34778847667e-13,83718.2039337,69001.6703139,0.0,10000007.1778,100000102.56,1
217,0.999998924547,6.38759297425e-13,86838.1226267,73861.2977065,0.0,9999995.71208,100000094.247,1
218,0.999998938675,6.63186607648e-13,86646.9768314,74175.6902333,0.0,9999993.25488,100000094.154,1
219,0.999998941973,6.98035990009e-13,88145.6092083,71498.3072687,0.0,9999999.5494,100000088.28,1
220,0.999998968749,6.74369146312e-13,84614.9776164,75002.1248003,0.0,10000000.1421,100000094.064,1
221,0.999998993749,6.72683244237e-13,81972.386876,71143.1047823,0.0,9999996.04162,100000094.402,1
222,0.999998981517,7.0972766128e-13,84993.3529276,67795.3417223,0.0,10000007.7529,100000095.047,1
223,0.99999899516,6.49672360625e-13,80696.3810436,66321.0923857,0.0,10000016.4623,100000098.41,1
224,0.999998954643,6.44699338864e-13,83724.9049591,70125.5030361,0.0,10000022.046,100000085.963,1
225,0.999998971973,6.85730705731e-13,84306.3433586,65766.2690743,0.0,10000024.3593,100000095.742,1
226,0.999998944466,6.97686607525e-13,87542.3378169,65937.3762926,0.0,10000031.52,100000088.283,1
227,0.999998924206,7.51904480313e-13,92455.3292857,67856.6846507,0.0,10000024.0318,100000090.459,1
228,0.999998928501,7.16683232461e-13,89256.5961047,72795.3561015,0.0,10000027.7129,100000081.242,1
229,0.999998959969,7.10828412488e-13,85734.6777534,72437.921752,0.0,10000025.6988,100000088.985,1
230,0.999998978661,6.65690556841e-13,81450.9996242,77440.8657793,0.0,10000022.9025,100000083.48,1
231,0.999999021642,6.52617845739e-13,76162.7329748,75843.6668307,0.0,10000028.4899,100000089.21,1
232,0.999999057548,6.12936787575e-13,71199.078107,77837.2437518,0.0,10000019.4267,100000085.385,1
233,0.999999030411,6.44933011675e-13,75445.8881619,79540.7855078,0.0,10000007.5881,100000068.191,1
234,0.999999044411,6.4650708e-13,74017.9891794,78133.3316552,0.0,10000001.7473,100000074.405,1
235,0.999999059179,6.19253190272e-13,71192.9539667,78917.9898159,0.0,10000002.6447,100000067.253,1
236,0.999999068057,5.67123791777e-13,67074.9963429,80179.2194733,0.0,10000014.693,100000064.084,1
237,0.999999040911,5.92708128852e-13,70494.5072474,81766.7119362,0.0,10000024.0331,100000061.945,1
238,0.999999061047,6.0667153692e-13,69483.2941141,78841.998962,0.0,10000024.86,100000069.928,1
239,0.999999073356,5.89423066337e-13,67910.8904254,72930.7228601,0.0,10000024.3451,100000075.004,1
240,0.999999051619,6.28193566187e-13,71817.7341646,73797.4150003,0.0,10000022.412,100000077.54,1
241,0.999999093702,6.40468356984e-13,69035.0727468,73735.8719538,0.0,10000018.5828,100000088.779,1
242,0.999999108278,6.07201385385e-13,66445.8638393,72831.1520876,0.0,10000009.3311,100000089.019,1
243,0.999999046852,6.40425637941e-13,73140.3269537,74750.6770088,0.0,10000022.7997,100000093.295,1
244,0.999999037495,6.55884279538e-13,74093.7913211,74267.0934552,0.0,10000034.5729,100000093.132,1
245,0.999999037276,6.5405622658e-13,74821.1798165,73343.1848405,0.0,10000021.9885,100000082.753,1
246,0.999999029896,6.86661459117e-13,76765.8638523,72000.2516437,0.0,10000026.6981,100000087.136,1
247,0.999999011746,6.73827406543e-13,78485.1520701,69792.5227217,0.0,10000014.2233,100000087.685,1
248,0.999999004508,6.67272470527e-13,78317.8461192,69900.4947954,0.0,10000024.9078,100000092.683,1
249,0.999998956808,6.92988792987e-13,84699.614351,70174.0175093,0.0,10000019.9106,100000097.518,1
250,0.999998936646,7.20009645517e-13,87890.4702787,76810.8807882,0.0,10000018.945,100000094.215,1
251,0.999998954191,6.97117732844e-13,85156.9791348,75975.5765857,0.0,10000009.3764,100000094.533,1
252,0.999998955447,6.89252253295e-13,84403.7536422,75335.759351,0.0,10000005.1471,100000089.484,1
253,0.999998913895,7.15516704872e-13,89262.7609773,78408.8733354,0.0,10000018.998,100000087.423,1
254,0.999998903827,7.44538567621e-13,91864.9894263,81290.3073999,0.0,10000006.0936,100000093.526,1
255,0.999998914032,7.19935874424e-13,89475.578182,79840.6982286,0.0,10000009.5357,100000111.899,1
256,0.999998893961,7.36893478964e-13,92847.5486905,78315.1081653,0.0,10000017.2106,100000119.996,1
257,0.999998935394,7.4139467395e-13,89402.2979295,74497.4134646,0.0,10000012.2331,100000118.703,1
258,0.999998985163,6.89276904207e-13,81713.6290109,70764.1524627,0.0,10000017.6969,100000127.556,1
259,0.999999004382,6.94994337607e-13,79913.9243206,67118.2574966,0.0,10000023.6645,100000115.61,1
260,0.999998987812,6.90884221058e-13,82042.917023,66854.253343,0.0,10000010.1645,100000113.441,1
261,0.99999902204,6.25019160129e-13,75948.5966014,64176.2188541,0.0,10000003.0092,100000106.782,1
262,0.999999027992,5.83412522799e-13,73381.1458321,65656.4069516,0.0,10000009.1464,100000114.832,1
263,0.999998977598,6.61176332268e-13,82154.4437324,62833.2468301,0.0,10000004.2318,100000109.884,1
264,0.999998969631,6.95155492306e-13,84274.6964621,62916.6420499,0.0,10000016.2225,100000104.836,1
265,0.999999010889,6.48575523505e-13,78386.2340948,63079.44783,0.0,10000000.0926,100000108.036,1
266,0.999999021815,6.20124583596e-13,75899.5752463,60457.3933174,0.0,9999991.18871,100000113.905,1
267,0.999999057819,5.81797059111e-13,70829.0929975,57407.8512539,0.0,9999993.99204,100000123.563,1
268,0.999999040191,5.89435387864e-13,72874.2841524,59532.7768287,0.0,9999995.67479,100000119.565,1
269,0.999999049426,5.61254405883e-13,70286.0693913,60716.0747326,0.0,9999999.7662,100000115.415,1
270,0.999999040777,5.92042321032e-13,72151.6550804,61653.4462346,0.0,10000013.0409,100000116.432,1
271,0.999999026174,5.87793870623e-13,73392.7192562,62953.2092737,0.0,10000017.0276,100000121.432,1
272,0.999999057084,5.60155997106e-13,69618.8414191,64311.677307,0.0,10000017.8504,100000130.135,1
273,0.999999030654,5.84453860224e-13,72839.5175809,62886.0347774,0.0,10000021.7941,100000132.157,1
274,0.999999001697,6.02150601127e-13,76211.9037882,63088.2052808,0.0,10000024.4683,100000123.167,1
275,0.999999042233,5.68517827332e-13,70979.926646,63971.6307342,0.0,10000019.2482,100000126.299,1
276,0.999999042455,6.22151157006e-13,73391.7660998,63666.4550004,0.0,10000017.3931,100000112.837,1
277,0.999999005165,6.15222749478e-13,76774.2664451,65062.8071585,0.0,10000003.2792,100000101.708,1
278,0.99999897228,6.41165607095e-13,80587.3957635,66546.9382119,0.0,10000015.0793,100000109.342,1
279,0.999998960222,6.76668693949e-13,83354.8422997,64306.390796,0.0,10000016.6911,100000111.321,1
280,0.999998960569,6.73620878042e-13,81963.3304977,62770.9969358,0.0,10000035.9029,100000121.817,1
281,0.999998937829,6.80930019442e-13,84815.1438946,63820.819245,0.0,10000032.2556,100000119.05,1
282,0.999998951697,6.70860553182e-13,84068.4566655,60095.2770739,0.0,10000018.3753,100000118.761,1
283,0.999998977818,6.67325538523e-13,81026.0399561,58437.9801584,0.0,10000024.9943,100000108.699,1
284,0.999998963286,6.77691471885e-13,82817.2882777,62539.7731333,0.0,10000020.549,100000106.131,1
285,0.999998940742,6.86055618408e-13,85665.9464789,64797.7736184,0.0,10000014.873,100000108.879,1
286,0.999998966355,6.88231602498e-13,82841.0332235,66359.8280988,0.0,10000021.7685,100000109.978,1
287,0.999999004919,6.69120540493e-13,77834.0889138,68282.9201315,0.0,10000024.5821,100000118.073,1
288,0.999998971766,7.00053161262e-13,81759.2111127,67619.1961374,0.0,10000038.9155,100000107.562,1
289,0.999998935154,7.08032524844e-13,85487.4626867,69824.7654816,0.0,10000038.7931,100000105.023,1
290,0.999998940488,7.16137857227e-13,85449.528367,74435.9827576,0.0,10000033.3275,100000113.473,1
291,0.999998960047,6.77611381015e-13,82233.4126149,74956.0534352,0.0,10000026.9756,100000115.154,1
292,0.99999891363,7.15562235099e-13,86867.5358251,73406.8741172,0.0,10000051.3211,100000115.82,1
293,0.999998882185,7.3909865675e-13,91297.3143433,75137.0546404,0.0,10000051.509,100000111.011,1
294,0.99999889932,7.38437632607e-13,90883.9935448,72588.7857198,0.0,10000042.291,100000115.338,1
295,0.999998910426,7.2001830492e-13,89104.4961721,71491.8574078,0.0,10000040.5933,100000126.49,1
296,0.999998910975,6.66729905296e-13,87884.3635884,69553.947781,0.0,10000028.7332,100000131.86,1
297,0.999998906897,7.04853566592e-13,88127.0838409,71191.9093973,0.0,10000048.7288,100000139.094,1
298,0.999998902868,7.44444922695e-13,89733.968811,72782.6010737,0.0,10000054.4467,100000125.602,1
299,0.999998937527,7.21685442988e-13,84934.2682689,72358.2555361,0.0,10000053.7048,100000120.635,1
300,0.999998950775,7.33497262865e-13,85335.3123474,71437.8498869,0.0,10000043.1182,100000122.811,1
301,0.999998932442,7.48677229611e-13,87824.0564365,75065.7216764,0.0,10000041.2346,100000120.54,1
302,0.999998916392,7.52806281738e-13,89464.4826565,75269.9976865,0.0,10000042.6181,100000122.727,1
303,0.999998891626,7.67544181189e-13,93924.3167633,69830.4724836,0.0,10000035.9837,100000115.477,1
304,0.999998894554,7.89556097724e-13,93793.5319806,67020.0192953,0.0,10000044.5388,100000115.683,1
305,0.999998857076,8.27374270119e-13,98597.881599,64209.1302286,0.0,10000056.8136,100000122.87,1
306,0.999998872528,8.34280867711e-13,97894.2051944,67367.3794262,0.0,10000047.3363,100000125.507,1
307,0.999998863483,8.35955959022e-13,100013.144486,64312.392712,0.0,10000041.4362,100000107.219,1
308,0.999998901139,7.79625857263e-13,94042.5623242,66522.4913905,0.0,10000027.1863,100000108.046,1
309,0.999998907416,7.70523573227e-13,92601.0569714,70012.9960082,0.0,10000035.0092,100000112.314,1
310,0.999998905377,7.51568526691e-13,92006.6172702,76729.9540466,0.0,10000034.2709,100000128.357,1
311,0.99999885946,7.40213105187e-13,95618.4940658,77195.0528128,0.0,10000036.3201,100000134.495,1
312,0.999998863538,7.77171392287e-13,97352.2382624,78472.2446159,0.0,10000027.6428,100000132.622,1
313,0.999998858407,7.98299540163e-13,99397.2481806,80188.3404515,0.0,10000019.2482,100000133.561,1
314,0.99999884311,7.76828944591e-13,99545.1280262,82566.3356121,0.0,10000026.5068,100000137.572,1
315,0.99999885232,7.59540507143e-13,98132.9182389,82122.2961144,0.0,10000021.867,100000120.664,1
316,0.99999884157,7.59584784423e-13,99516.5303249,81847.7645611,0.0,10000006.4492,100000110.752,1
317,0.999998839212,7.81553281224e-13,100523.750355,81903.6418832,0.0,10000008.0468,100000124.771,1
318,0.999998851155,7.62264650249e-13,98383.0072435,80968.5000955,0.0,10000013.8063,100000136.815,1
319,0.999998854214,7.381365297e-13,97549.410701,78613.4379728,0.0,9999997.54357,100000134.022,1
320,0.99999885673,7.31921977448e-13,97443.5814477,72586.3323501,0.0,9999995.55767,100000138.646,1
321,0.999998826968,7.51046076095e-13,101258.675985,77207.2054764,0.0,9999983.19856,100000148.699,1
322,0.999998791567,7.62386203844e-13,106605.855089,75322.3730141,0.0,9999988.75529,100000136.079,1
323,0.999998785415,7.41039980987e-13,105893.33249,76374.3075523,0.0,9999976.13185,100000141.381,1
324,0.999998758013,7.87429307298e-13,111692.262265,76385.7531089,0.0,9999977.69639,100000152.535,1
325,0.999998764062,8.070335078e-13,111986.044703,77081.9107041,0.0,9999986.83916,100000157.595,1
326,0.999998693711,8.67971062584e-13,123564.674657,80257.2017146,0.0,10000002.1182,100000144.946,1
327,0.999998694227,8.83745477773e-13,123981.560632,81350.6151565,0.0,10000011.4828,100000148.515,1
328,0.99999867795,9.00516279312e-13,126506.939662,82467.9665339,0.0,10000017.1678,100000155.705,1
329,0.999998719567,8.99643040377e-13,121717.55246,79832.8865368,0.0,10000013.7184,100000147.931,1
330,0.999998725882,8.73970783143e-13,120570.308559,77596.1053192,0.0,10000002.5654,100000140.315,1
331,0.99999875186,8.46456778954e-13,115869.999837,74892.5452877,0.0,9999992.95786,100000141.573,1
332,0.999998719195,8.78359056349e-13,121128.004952,73679.3987993,0.0,9999980.06382,100000122.495,1
333,0.999998776749,7.86257578601e-13,110077.861839,72642.5149344,0.0,9999982.18093,100000133.05,1
334,0.999998817747,7.60773385608e-13,104121.433948,75191.9299566,0.0,9999975.93141,100000135.258,1
335,0.999998806097,7.46811431016e-13,104845.862615,79535.6848014,0.0,9999971.65456,100000132.811,1
336,0.999998850265,6.7815610066e-13,96156.1057332,77529.1061393,0.0,9999955.86311,100000130.049,1
337,0.999998806256,7.22999720158e-13,104140.030258,76143.9183002,0.0,9999961.5728,100000133.489,1
338,0.999998779862,7.70729894123e-13,107768.919638,72308.1284156,0.0,9999944.18133,100000124.699,1
339,0.999998774772,8.22769682326e-13,110826.820603,68328.5391081,0.0,9999944.12174,100000113.243,1
340,0.999998733715,8.29898835097e-13,118221.393714,68350.9698351,0.0,9999965.79169,100000112.011,1
341,0.999998715936,8.50880423283e-13,121512.283662,67726.2641562,0.0,9999972.36481,100000112.432,1
342,0.999998796633,7.62386706883e-13,107180.97812,61338.8488591,0.0,9999967.94125,100000105.439,1
343,0.999998835856,7.43276157854e-13,101309.997905,61037.5683652,0.0,9999967.18996,100000111.495,1
344,0.999998885751,6.71091206198e-13,91920.2115202,59818.9028032,0.0,9999961.6059,100000118.621,1
345,0.999998869974,7.32714379649e-13,97101.6019396,60405.822442,0.0,9999969.31172,100000121.217,1
346,0.999998881132,7.42598409586e-13,96525.1289622,67068.0783896,0.0,9999971.60428,100000123.54,1
347,0.999998842293,7.54124616195e-13,101454.52587,67344.2776083,0.0,9999979.26923,100000120.505,1
348,0.999998836948,7.58752806875e-13,102290.224589,68417.4299097,0.0,9999989.5161,100000117.274,1
349,0.999998832524,7.37314756034e-13,102543.001811,66356.667263,0.0,9999989.92551,100000111.272,1
350,0.999998787412,8.00351056908e-13,110190.417899,72062.6339248,0.0,10000000.0751,100000116.6,1
351,0.999998748215,8.21152650248e-13,115291.306875,75566.349395,0.0,9999976.21429,100000104.395,1
352,0.999998752884,8.27257295161e-13,115354.423318,75907.5803838,0.0,9999975.33545,100000108.775,1
353,0.999998704648,8.33737686055e-13,121244.220201,79315.0425109,0.0,9999975.98035,100000101.004,1
354,0.999998715322,8.5272865138e-13,120965.790368,79791.8710138,0.0,9999974.49057,100000097.534,1
355,0.999998638802,8.88525654395e-13,133045.258319,84185.5548033,0.0,9999978.23971,100000104.494,1
356,0.999998594698,9.45134215977e-13,141827.222618,87789.0462759,0.0,9999977.49311,100000109.948,1
357,0.999998563694,9.85476189047e-13,147681.487697,90190.0926867,0.0,9999973.32934,100000105.792,1
358,0.999998577826,1.02622434622e-12,147252.25986,91818.6634044,0.0,9999978.29405,100000104.312,1
359,0.99999858571,1.01542639993e-12,145798.816651,90628.5158328,0.0,9999990.0059,100000098.488,1
360,0.99999862926,9.73894473708e-13,137981.702697,89358.6193153,0.0,9999989.21894,100000098.588,1
361,0.999998630479,9.66850924535e-13,137627.036185,86849.5800116,0.0,10000000.898,100000084.766,1
362,0.999998612651,1.03107960609e-12,142567.891251,87231.6516664,0.0,10000007.5282,100000080.38,1
363,0.999998614547,1.07098331492e-12,144325.974987,82794.5935795,0.0,10000002.4365,100000076.617,1
364,0.999998646805,1.08836644199e-12,140198.635022,80002.2978213,0.0,9999995.876,100000064.221,1
365,0.999998639199,1.08489642691e-12,141166.589206,78722.5076369,0.0,10000005.9929,100000056.968,1
366,0.999998658813,1.063737154e-12,137841.896283,77085.5498983,0.0,10000001.8648,100000050.532,1
367,0.999998648788,1.08604398209e-12,140586.23317,81225.2320545,0.0,9999994.13463,100000046.232,1
368,0.999998641407,1.05572465932e-12,140061.054068,81624.194907,0.0,9999974.58497,100000051.043,1
369,0.999998602284,1.05953323762e-12,142997.332319,88413.873479,0.0,9999947.3427,100000042.357,1
370,0.999998602233,1.01949475513e-12,139719.04551,94455.8694633,0.0,9999936.84,100000040.032,1
371,0.999998599881,9.70221225871e-13,137816.535677,88901.2257494,0.0,9999934.09461,100000050.985,1
372,0.999998567938,9.9035151635e-13,142689.056476,86060.2073243,0.0,9999928.91435,100000047.272,1
373,0.999998533189,9.75242632683e-13,148756.050478,79431.2707831,0.0,9999946.71985,100000049.472,1
374,0.999998527313,9.69351717019e-13,150006.784125,81773.6113303,0.0,9999949.30474,100000060.411,1
375,0.999998481393,9.96954028652e-13,157098.207068,82922.4972055,0.0,9999943.44181,100000051.34,1
376,0.999998478673,1.03597870443e-12,159397.119152,85671.957901,0.0,9999947.581,100000054.968,1
377,0.999998471083,1.03531223054e-12,161239.532531,86542.9241984,0.0,9999953.48404,100000059.496,1
378,0.999998492911,1.06415622564e-12,161191.05167,87950.4409917,0.0,9999968.44633,100000070.069,1
379,0.99999847099,1.00348889242e-12,160234.332715,89791.6847528,0.0,9999953.16269,100000067.73,1
380,0.999998389219,1.00204098817e-12,169973.011333,96319.9912529,0.0,9999928.96606,100000071.782,1
381,0.999998366737,1.04086844605e-12,175638.86503,99134.893814,0.0,9999926.83205,100000071.878,1
382,0.999998382958,1.08630802219e-12,174810.061585,95294.0309966,0.0,9999924.9248,100000068.061,1
383,0.999998368387,1.07130316005e-12,176233.432146,95622.1517955,0.0,9999925.40286,100000063.057,1
384,0.999998292472,1.06370113321e-12,189750.822687,98003.6672639,0.0,9999941.99535,100000075.604,1
385,0.999998251069,1.09630340264e-12,200154.878867,96128.2189798,0.0,9999953.55167,100000071.552,1
386,0.999998229541,1.01634516997e-12,198219.404389,92700.1834335,0.0,9999935.26862,100000066.518,1
387,0.999998219056,9.92242359556e-13,195954.7806,92114.2621083,0.0,9999916.15189,100000059.271,1
388,0.99999821587,1.04370453866e-12,195595.171899,92076.0276198,0.0,9999900.55654,100000056.874,1
389,0.999998172099,1.00570881007e-12,199393.766791,94285.4415277,0.0,9999888.35061,100000058.602,1
390,0.99999816518,1.02369739353e-12,202380.471348,98478.2707671,0.0,9999889.1144,100000060.29,1
391,0.999998155645,1.04840804864e-12,203051.32643,96433.3709502,0.0,9999879.04469,100000056.074,1
392,0.999998072438,1.07428593426e-12,214747.85752,102260.411106,0.0,9999858.48602,100000055.325,1
393,0.999998052413,1.08813941121e-12,222802.871504,105089.160047,0.0,9999868.51434,100000068.005,1
394,0.999998069736,1.06753736221e-12,219056.824462,96713.1564988,0.0,9999875.66327,100000057.812,1
395,0.999998095313,1.01765572437e-12,210599.762258,92419.6556663,0.0,9999876.07209,100000052.337,1
396,0.999998127744,1.02121235033e-12,203786.480926,99995.3298641,0.0,9999872.13128,100000053.606,1
397,0.999998098911,1.03070836432e-12,210368.567307,97423.9503913,0.0,9999870.94807,100000062.123,1
398,0.999998080812,1.05230420982e-12,214304.502296,96369.6064497,0.0,9999868.41576,100000064.852,1
399,0.999998075659,1.09764210096e-12,214756.946277,99396.0220516,0.0,9999859.39927,100000063.021,1
400,0.999998059532,1.10850885857e-12,217628.568737,100972.970186,0.0,9999854.13342,100000064.006,1
401,0.999998063139,1.0926577842e-12,211738.950578,98735.148419,0.0,9999837.89191,100000046.905,1
402,0.999998048254,1.11368194531e-12,201273.866933,95536.4645681,0.0,9999799.59892,100000036.021,1
403,0.999998079337,1.09247137724e-12,190339.906151,99670.7886102,0.0,9999792.65342,100000039.533,1
404,0.999998041955,1.07320736307e-12,190062.424194,99567.0088753,0.0,9999778.55508,100000027.526,1
405,0.999998021787,1.10696631468e-12,183463.34312,99713.5204773,0.0,9999755.20373,100000015.122,1
406,0.999998029999,1.05963526247e-12,182449.691239,97423.0960367,0.0,9999761.07192,100000022.003,1
407,0.999998034724,1.08610367561e-12,179205.781059,100682.717005,0.0,9999753.04537,100000029.037,1
408,0.999998019536,1.08379577915e-12,178804.548391,108805.819759,0.0,9999747.54657,100000027.516,1
409,0.99999803287,1.08524225974e-12,169645.474145,108900.167839,0.0,9999734.61056,100000032.592,1
410,0.999997979524,1.04835628462e-12,174893.561332,108427.732164,0.0,9999728.26977,100000020.683,1
411,0.999997957411,1.0344425801e-12,173741.491284,109837.901401,0.0,9999718.459,100000028.149,1
412,0.999997999588,1.05980044624e-12,169503.445448,113270.865147,0.0,9999722.73073,100000040.02,1
413,0.99999803092,1.10973993628e-12,162064.491528,117583.385073,0.0,9999713.79041,100000040.396,1
414,0.999997995343,1.11424395951e-12,165852.022832,117923.339725,0.0,9999707.5556,100000047.488,1
415,0.999998016998,1.19279609625e-12,156642.294605,125820.768584,0.0,9999693.6693,100000057.178,1
416,0.999997996764,1.17704952534e-12,165290.133957,123699.623069,0.0,9999703.81448,100000049.407,1
417,0.999997987096,1.16549372998e-12,151961.672293,127344.540789,0.0,9999680.16069,100000042.863,1
418,0.99999804716,1.16985509255e-12,152479.259738,124136.257261,0.0,9999700.3579,100000047.252,1
419,0.999998010649,1.23902413637e-12,156294.89418,116655.191574,0.0,9999690.89169,100000027.06,1
420,0.999997967606,1.21059623367e-12,164036.173239,120339.636647,0.0,9999692.92524,100000028.225,1
421,0.9999979992,1.21151151875e-12,156518.184977,125620.33649,0.0,9999690.96404,100000039.147,1
422,0.999997965563,1.26138551998e-12,170267.144313,125808.664572,0.0,9999698.90986,100000056.664,1
423,0.999997965148,1.24216360449e-12,170448.546429,121642.386402,0.0,9999700.51152,100000054.139,1
424,0.999997981416,1.26590293944e-12,178242.721797,123271.099042,0.0,9999717.19868,100000069.061,1
425,0.999997970607,1.22932753904e-12,168359.711129,120640.659421,0.0,9999700.1736,100000059.141,1
426,0.999997974478,1.19220875238e-12,171256.725383,117536.983826,0.0,9999709.76548,100000046.811,1
427,0.999998052578,1.15242922714e-12,160238.485597,116352.764332,0.0,9999718.86275,100000057.176,1
428,0.999998023644,1.16111825226e-12,162235.12716,108704.051837,0.0,9999712.01822,100000048.512,1
429,0.999997952552,1.22402021528e-12,172119.436319,111110.925316,0.0,9999699.65421,100000049.913,1
430,0.99999795556,1.3424601487e-12,182503.755507,111806.105155,0.0,9999710.52598,100000050.4,1
431,0.999997905374,1.36631479502e-12,182797.141554,115756.326922,0.0,9999691.86711,100000051.788,1
432,0.999997821944,1.41910758443e-12,197382.497647,117838.454955,0.0,9999684.83936,100000041.414,1
433,0.999997768186,1.39264967413e-12,191192.699872,118984.398188,0.0,9999658.98557,100000034.595,1
434,0.999997738465,1.38474764843e-12,193631.539438,115262.753826,0.0,9999654.48446,100000031.59,1
435,0.999997769533,1.36724531023e-12,190267.69075,113353.328897,0.0,9999659.25826,100000033.674,1
436,0.999997761239,1.40823724361e-12,191809.081452,115334.128101,0.0,9999654.97112,100000037.984,1
437,0.999997810338,1.40006613336e-12,196950.847952,109759.957333,0.0,9999680.75839,100000029.687,1
438,0.999997757951,1.39245972063e-12,199657.976558,103686.124793,0.0,9999668.66058,100000013.623,1
439,0.999997833839,1.40039530878e-12,191102.354577,103285.650213,0.0,9999679.4177,100000018.867,1
440,0.999997819524,1.3935036612e-12,203231.740234,101351.862386,0.0,9999694.59176,100000022.604,1
441,0.999997907652,1.42069839671e-12,192006.690986,99826.6460846,0.0,9999702.9266,100000031.091,1
442,0.999997942595,1.44151535011e-12,199789.663297,99232.4303523,0.0,9999726.38718,100000033.102,1
443,0.999997913147,1.42715807365e-12,207932.962489,92219.748712,0.0,9999730.4327,100000026.015,1
444,0.999997907034,1.43569841703e-12,212691.991719,95638.1030146,0.0,9999735.78114,100000026.479,1
445,0.999997894855,1.48531218942e-12,210033.895203,89581.2724188,0.0,9999722.22709,100000002.363,1
446,0.999997890746,1.50944081426e-12,216897.25829,92561.3473852,0.0,9999732.43264,99999991.3967,1
447,0.999997949885,1.50041718362e-12,199767.080398,91643.2269246,0.0,9999723.04722,99999989.9741,1
448,0.999997930529,1.53206762007e-12,199116.972378,85015.4099011,0.0,9999712.06214,99999978.3926,1
449,0.999997886701,1.53506650677e-12,219447.401989,87850.1239832,0.0,9999732.18969,99999994.4934,1
450,0.999997876941,1.54380156203e-12,226589.762091,92114.4343883,0.0,9999740.56874,100000002.047,1
451,0.999997910835,1.52830384775e-12,225898.698175,93190.1123959,0.0,9999754.46068,100000000.839,1
452,0.999997899737,1.52845320781e-12,221768.608004,98167.8890265,0.0,9999743.11804,100000003.714,1
453,0.999997867207,1.49894832973e-12,224057.207869,97439.1198662,0.0,9999736.46218,100000006.363,1
454,0.999997875968,1.50410316762e-12,216931.361643,107126.390568,0.0,9999727.04478,100000010.888,1
455,0.999997847402,1.5278413037e-12,217528.460642,105300.318722,0.0,9999717.33542,100000005.987,1
456,0.999997831057,1.52805134889e-12,212312.834937,108298.159027,0.0,9999702.73466,100000006.611,1
457,0.999997867779,1.56489834962e-12,199584.091539,98115.4054114,0.0,9999691.61737,99999970.541,1
458,0.999997874859,1.62959856002e-12,189752.658906,98989.8544287,0.0,9999674.03583,99999973.8308,1
459,0.999997897699,1.64771805111e-12,183608.904441,100716.101374,0.0,9999669.98676,99999969.3745,1
460,0.999997911092,1.75079892006e-12,194723.021523,97660.863758,0.0,9999684.04629,99999969.4805,1
461,0.999997966563,1.7754084152e-12,192565.871117,99448.9038333,0.0,9999696.13041,99999986.7777,1
462,0.99999786989,1.85892410454e-12,198559.775982,97358.0652997,0.0,9999666.36785,99999992.7094,1
463,0.999997807507,1.83764007916e-12,201824.834385,100634.401836,0.0,9999654.80237,99999984.4372,1
464,0.999997731198,1.83247844795e-12,199142.793499,102317.858991,0.0,9999628.61558,99999969.1421,1
465,0.999997703456,1.84732720342e-12,197264.570673,105638.415509,0.0,9999617.45483,99999959.8253,1
466,0.99999767075,1.81676549153e-12,203381.554423,103354.940277,0.0,9999618.01793,99999943.5477,1
467,0.99999776378,1.8472678731e-12,190625.292753,103038.656604,0.0,9999625.9369,99999949.7344,1
468,0.999997770401,1.81295540739e-12,199384.246796,102664.043172,0.0,9999641.87681,99999952.6279,1
469,0.999997718742,1.8885198743e-12,209867.886524,98162.5348987,0.0,9999635.2149,99999953.4981,1
470,0.999997631594,1.89196390754e-12,231617.157273,97313.2770867,0.0,9999638.82168,99999947.3394,1
471,0.999997682315,1.87670537564e-12,229158.409126,96439.2722075,0.0,9999651.95697,99999955.8507,1
472,0.999997686619,1.89282302026e-12,222760.276739,95886.372475,0.0,9999642.45805,99999955.2843,1
473,0.999997594417,1.88684272295e-12,228282.003304,97957.3298787,0.0,9999621.26612,99999940.8634,1
474,0.999997633773,1.86680776965e-12,222572.841688,97958.077748,0.0,9999626.54958,99999939.8136,1
475,0.999997659736,1.81402760718e-12,229710.793035,102561.727767,0.0,9999649.25131,99999948.119,1
476,0.999997664,1.70368614227e-12,230232.642289,105154.833672,0.0,9999658.67149,99999952.3559,1
477,0.999997661243,1.75407090174e-12,234756.500679,104423.229262,0.0,9999659.76852,99999970.3368,1
478,0.99999763696,1.74134880472e-12,222051.590177,102858.587107,0.0,9999634.54655,99999953.8599,1
479,0.999997613174,1.68207835542e-12,228117.401953,111096.253551,0.0,9999639.95652,99999948.4555,1
480,0.999997660435,1.76526704033e-12,228884.627397,111689.831294,0.0,9999649.92616,99999962.1552,1
481,0.999997624859,1.87190847676e-12,237441.027882,109659.014703,0.0,9999643.21094,99999965.3011,1
482,0.999997545555,1.9940259079e-12,254474.587705,113537.98358,0.0,9999632.81455,99999971.2599,1
483,0.999997496212,1.97321360376e-12,256684.341213,109334.954419,0.0,9999620.70559,99999976.8698,1
484,0.999997422754,2.0041403649e-12,262171.206466,113188.09842,0.0,9999603.83811,99999959.5705,1
485,0.999997398279,2.03222987253e-12,262966.299008,113834.104549,0.0,9999594.82593,99999967.4825,1
486,0.999997358829,1.97904621517e-12,257436.039062,109802.763493,0.0,9999578.15172,99999965.9955,1
487,0.999997399497,1.8828286137e-12,270379.818454,108741.97348,0.0,9999614.89551,99999967.5184,1
488,0.999997367498,1.80772217914e-12,275996.823181,105263.999165,0.0,9999616.18455,99999957.3831,1
489,0.999997429464,1.758150216e-12,282801.248635,109666.448772,0.0,9999650.7999,99999966.5511,1
490,0.999997454907,1.66490515545e-12,256576.462468,113932.387312,0.0,9999628.23254,99999981.3753,1
491,0.999997418324,1.58151369251e-12,260332.422507,108362.293255,0.0,9999627.07279,99999974.7433,1
492,0.999997398502,1.56400203593e-12,266098.480867,103070.997281,0.0,9999629.30378,99999970.3587,1
493,0.999997425894,1.63395298093e-12,268078.462567,110216.435348,0.0,9999636.56961,99999983.539,1
494,0.999997409129,1.63436602778e-12,267910.662588,113385.438014,0.0,9999630.43659,99999981.9146,1
495,0.999997503601,1.57415284278e-12,254333.576892,111284.348639,0.0,9999647.88546,99999979.4414,1
496,0.999997543375,1.61812240254e-12,248990.759864,112553.897631,0.0,9999651.42567,99999979.0079,1
497,0.999997561972,1.59941371103e-12,254297.000449,110959.770314,0.0,9999667.26597,99999978.874,1
498,0.999997570112,1.60568574212e-12,257970.720036,112604.683844,0.0,9999675.27042,99999980.9551,1
499,0.999997621777,1.63448102535e-12,239117.23588,112724.062121,0.0,9999662.29142,99999986.3927,1
500,0.999997647104,1.58107444426e-12,239158.948786,113001.487168,0.0,9999674.89561,99999996.0055,1
501,0.99999760684,1.59246903899e-12,239580.213676,111917.947629,0.0,9999660.8709,99999989.0402,1
502,0.999997580944,1.64034566071e-12,235189.18542,111169.357209,0.0,9999642.16237,99999996.3968,1
503,0.999997508928,1.67283063948e-12,236930.469095,114531.423077,0.0,9999618.86758,99999974.5514,1
504,0.999997470766,1.70754602071e-12,213882.842868,113467.680094,0.0,9999576.56155,99999962.4067,1
505,0.99999745962,1.70035297708e-12,210215.72187,123549.352199,0.0,9999569.61929,99999967.9038,1
506,0.99999745658,1.70447409107e-12,216778.059753,122571.346317,0.0,9999576.23194,99999973.2105,1
507,0.999997505941,1.69768733889e-12,220830.820617,136696.027234,0.0,9999595.87376,99999982.3142,1
508,0.999997574148,1.67953194405e-12,217640.745053,135196.238363,0.0,9999612.87446,100000002.099,1
509,0.999997509855,1.75031445688e-12,220096.876201,139294.499183,0.0,9999592.81064,100000002.524,1
510,0.999997565458,1.76027261534e-12,211961.498119,146987.963301,0.0,9999597.99212,100000019.74,1
511,0.999997583636,1.73743111275e-12,210158.817529,146982.326656,0.0,9999601.79125,100000030.403,1
512,0.99999752641,1.77435946173e-12,225079.190766,145291.524479,0.0,9999601.99445,100000035.89,1
513,0.999997543287,1.81170096386e-12,234637.395471,146007.105707,0.0,9999616.34664,100000051.347,1
514,0.999997587114,1.81921102082e-12,243658.211718,140619.89986,0.0,9999642.73613,100000050.406,1
515,0.99999761443,1.86188147045e-12,241597.930101,130946.793627,0.0,9999645.43315,100000058.094,1
516,0.999997676216,1.77770837722e-12,214461.136685,137731.093111,0.0,9999631.42233,100000079.069,1
517,0.999997658201,1.76998258903e-12,216991.529506,140097.696142,0.0,9999629.3299,100000082.477,1
518,0.999997680224,1.79790795974e-12,229481.206123,138814.568309,0.0,9999651.25879,100000087.46,1
519,0.999997668376,1.77784130346e-12,239120.820892,137593.366633,0.0,9999663.92131,100000081.345,1
520,0.999997742744,1.77731552476e-12,220988.141318,132616.897833,0.0,9999661.69033,100000086.6,1
521,0.999997731249,1.8067864633e-12,214695.69513,133234.882859,0.0,9999646.55071,100000090.941,1
522,0.99999773393,1.83114479195e-12,207408.619912,134578.499464,0.0,9999635.05913,100000097.216,1
523,0.999997653146,1.98457455136e-12,234648.402756,135605.492741,0.0,9999638.23803,100000087.895,1
524,0.999997641203,2.0307505696e-12,215789.895055,135191.253728,0.0,9999606.89133,100000080.766,1
525,0.999997596949,1.96108823647e-12,207318.201695,136655.395591,0.0,9999588.01011,100000072.084,1
526,0.999997573698,1.96561084901e-12,210075.602299,144699.304244,0.0,9999585.06422,100000079.827,1
527,0.999997520784,2.0693590874e-12,220171.510594,140421.011529,0.0,9999576.07928,100000070.032,1
528,0.999997482684,2.0793980763e-12,211291.273344,146452.809357,0.0,9999554.86036,100000066.37,1
529,0.999997445143,2.08173715631e-12,226647.288164,144842.859731,0.0,9999561.61393,100000059.834,1
530,0.999997415636,2.12780011571e-12,242195.896764,147792.728673,0.0,9999568.25239,100000070.139,1
531,0.999997407859,2.07759823584e-12,249847.862123,153736.33825,0.0,9999577.09024,100000077.252,1
532,0.999997438622,2.08352685781e-12,234329.237282,156927.637918,0.0,9999566.60062,100000085.86,1
533,0.999997474906,2.03835506978e-12,222470.449225,163258.23805,0.0,9999565.12116,100000096.333,1
534,0.999997491548,2.05270834187e-12,234836.677399,162408.996138,0.0,9999582.87311,100000109.508,1
535,0.999997467422,2.08069376689e-12,217326.548581,157197.989766,0.0,9999554.01928,100000096.653,1
536,0.999997514576,2.07534946072e-12,213225.405979,155800.752131,0.0,9999562.94373,100000098.595,1
537,0.999997414126,2.12632443559e-12,221176.066263,167492.249223,0.0,9999543.36077,100000074.215,1
538,0.999997391859,2.00028783094e-12,241554.171608,164559.994972,0.0,9999567.62995,100000063.513,1
539,0.999997320206,2.07576907102e-12,253532.91559,168455.869533,0.0,9999556.77294,100000047.277,1
540,0.999997285037,2.12084735092e-12,261722.606406,179249.354058,0.0,9999553.7007,100000049.85,1
541,0.999997272741,2.22314608257e-12,265705.937664,194716.159855,0.0,9999549.92048,100000051.452,1
542,0.999997217525,2.15760363153e-12,260489.832342,199114.056966,0.0,9999533.14166,100000025.425,1
543,0.999997181851,2.18816500847e-12,255310.961513,199632.550222,0.0,9999516.55534,100000014.05,1
544,0.999997190652,2.10982177788e-12,258588.645863,199797.913731,0.0,9999524.63723,100000034.689,1
545,0.999997170688,2.20353675004e-12,284512.432679,184761.169544,0.0,9999541.21658,100000042.368,1
546,0.999997143349,2.22791044974e-12,296595.298207,188075.363849,0.0,9999544.7344,100000047.636,1
547,0.999997176325,2.36345236711e-12,288550.826363,199727.730703,0.0,9999538.80196,100000052.851,1
548,0.999997168595,2.40338749538e-12,278777.726857,202357.007526,0.0,9999526.2737,100000020.306,1
549,0.999997096512,2.41749219981e-12,292045.005665,182861.632924,0.0,9999517.04834,100000021.312,1
550,0.99999704196,2.49177313749e-12,311777.05022,188865.417332,0.0,9999519.91748,100000001.147,1
551,0.999997068645,2.39250259771e-12,306001.365863,184629.43884,0.0,9999526.4261,99999997.325,1
552,0.999997091628,2.48278028526e-12,332718.781473,179588.484458,0.0,9999558.39809,99999998.8612,1
553,0.999996998838,2.4438627104e-12,323202.207407,184152.034979,0.0,9999521.66991,99999989.2143,1
554,0.999996921478,2.41355727536e-12,347646.226234,190727.170777,0.0,9999526.39017,99999971.2724,1
555,0.999996929498,2.50629596089e-12,365738.985878,195181.8739,0.0,9999543.52982,99999985.8572,1
556,0.999996939496,2.66065924381e-12,392028.953744,189016.377637,0.0,9999568.25574,99999986.8241,1
557,0.999996963983,2.82711163285e-12,393406.395686,185602.887839,0.0,9999566.65952,100000010.942,1
558,0.999997038889,2.8186797013e-12,352957.292211,192529.205669,0.0,9999546.70834,100000002.025,1
559,0.999996986806,2.85677559129e-12,380350.01705,199067.058682,0.0,9999560.8845,99999981.6888,1
560,0.999997011548,2.88662212291e-12,389603.601828,194841.553346,0.0,9999577.04478,100000000.891,1
561,0.999997070463,2.96046224618e-12,371702.409588,190597.686193,0.0,9999571.09201,100000001.484,1
562,0.999997155058,3.11464301642e-12,362460.595409,182698.007594,0.0,9999578.43786,100000008.961,1
563,0.999997123976,3.16183354976e-12,384662.44624,189828.94685,0.0,9999593.51675,100000003.111,1
564,0.999997112018,3.10269981175e-12,405483.599642,194785.329273,0.0,9999619.82464,100000008.598,1
565,0.999997154673,3.16729894558e-12,417241.166225,190363.27258,0.0,9999647.04625,100000013.118,1
566,0.999997212783,3.08136048052e-12,406489.491875,188335.320463,0.0,9999660.13831,100000013.19,1
567,0.999997199006,3.03689016915e-12,396804.166747,198146.117284,0.0,9999644.2702,100000005.927,1
568,0.999997167682,2.9993001812e-12,387904.29188,194322.38659,0.0,9999623.2344,99999993.8228,1
569,0.999997240049,3.07208491883e-12,382210.979053,194501.346388,0.0,9999635.70136,100000018.538,1
570,0.999997222983,3.14301331423e-12,410193.004241,200382.344549,0.0,9999663.46434,100000042.258,1
571,0.999997310271,3.26327255562e-12,412459.468219,194822.685783,0.0,9999694.39012,100000056.868,1
572,0.99999730971,3.24861023946e-12,414871.857328,189994.69827,0.0,9999700.50325,100000039.371,1
573,0.999997323358,3.3290018264e-12,415590.302541,177626.354378,0.0,9999700.49619,100000042.208,1
574,0.999997376914,3.21879021704e-12,397435.573062,170931.67083,0.0,9999701.18463,100000045.141,1
575,0.999997352463,3.22934442359e-12,428442.231492,174231.436387,0.0,9999745.19646,100000049.03,1
576,0.999997329,3.20575781957e-12,445164.036809,163256.72647,0.0,9999768.34432,100000044.32,1
577,0.999997330376,3.08187798184e-12,433338.803759,164123.912394,0.0,9999760.46604,100000024.937,1
578,0.999997333036,3.0418723115e-12,436821.88085,157530.176607,0.0,9999771.99915,100000028.835,1
579,0.999997302493,2.97122950023e-12,424858.925892,154377.941853,0.0,9999737.44989,100000021.687,1
580,0.999997354109,3.04574192981e-12,408332.219337,158188.09862,0.0,9999725.19021,100000026.455,1
581,0.999997376258,2.88667051383e-12,391768.054914,152459.497195,0.0,9999719.1896,100000014.65,1
582,0.999997462293,2.85914419455e-12,373815.470374,148033.890069,0.0,9999727.00336,100000032.062,1
583,0.999997510451,2.91096176847e-12,370165.964453,151858.570078,0.0,9999736.2622,100000033.963,1
584,0.999997508492,3.03407925178e-12,372902.20028,146367.30218,0.0,9999729.94943,100000030.111,1
585,0.999997477156,3.06929723312e-12,392384.125421,148115.841842,0.0,9999748.67829,100000029.44,1
586,0.999997411616,3.04827932194e-12,407382.624947,140646.969269,0.0,9999748.97081,100000003.429,1
587,0.999997522474,2.96830708753e-12,377330.183268,135228.009063,0.0,9999751.56128,100000012.635,1
588,0.999997434076,3.0401983371e-12,393713.783459,138364.777859,0.0,9999737.14757,100000000.78,1
589,0.999997387315,3.1309698896e-12,398740.882067,137386.222653,0.0,9999714.85394,100000000.513,1
590,0.999997405835,3.16949595499e-12,387054.696819,134443.166736,0.0,9999699.9001,99999994.3151,1
591,0.999997328345,3.22214379218e-12,404947.513458,136328.666994,0.0,9999693.00288,99999986.0575,1
592,0.999997358729,3.2814637069e-12,393365.92298,136550.201897,0.0,9999681.39215,99999990.7076,1
593,0.999997455148,3.13049003474e-12,369545.299057,134699.936695,0.0,9999695.50022,99999983.5565,1
594,0.999997467621,3.00873666336e-12,372706.609851,132683.212857,0.0,9999716.53876,99999990.4362,1
595,0.999997500078,2.87296655253e-12,344342.516605,136054.109327,0.0,9999694.63969,99999983.0334,1
596,0.999997396827,2.72337491934e-12,365784.042523,136655.6589,0.0,9999698.23631,99999977.5573,1
597,0.999997376741,2.72117923257e-12,364756.338649,142035.420543,0.0,9999688.41813,99999970.8808,1
598,0.999997356258,2.69851074706e-12,361878.746815,150378.566083,0.0,9999679.43129,99999960.7307,1
599,0.999997350428,2.6918681957e-12,381528.63861,132382.70943,0.0,9999709.44771,99999960.3412,1
600,0.999997340096,2.70900212618e-12,375017.802919,140619.512015,0.0,9999692.671,99999970.4327,1
601,0.999997362044,2.702742071e-12,363471.171273,143506.962591,0.0,9999682.7667,99999976.8158,1
602,0.999997377302,2.64241647013e-12,348389.422056,149201.125952,0.0,9999670.65858,99999977.9325,1
603,0.999997386091,2.65652641505e-12,340671.742934,138455.299226,0.0,9999659.99553,99999967.4544,1
604,0.999997450221,2.68254722469e-12,333317.112085,155195.023292,0.0,9999671.13101,99999985.2532,1
605,0.999997481737,2.69032553568e-12,356410.342822,149594.279866,0.0,9999718.58083,100000007.442,1
606,0.999997585972,2.7731919395e-12,314934.158008,146414.742918,0.0,9999685.7491,100000004.092,1
607,0.999997536767,2.82708186399e-12,319425.935837,150762.235523,0.0,9999672.37735,99999994.025,1
608,0.999997576267,2.82491948814e-12,333120.619866,153942.441882,0.0,9999706.78469,100000024.531,1
609,0.99999750362,2.83695333802e-12,347698.787095,154857.571757,0.0,9999699.57634,100000019.985,1
610,0.99999754283,2.85941411061e-12,355891.885371,153236.927111,0.0,9999728.94356,100000026.698,1
611,0.999997599351,2.74595911804e-12,331142.4711,151382.717884,0.0,9999718.47792,100000014.366,1
612,0.999997545796,2.79804877694e-12,344370.364458,141535.684501,0.0,9999715.47006,100000002.303,1
613,0.999997567985,2.78119557583e-12,328471.453151,144600.155523,0.0,9999698.70145,100000003.717,1
614,0.999997530942,2.90569233267e-12,339671.078544,145146.64657,0.0,9999692.58793,100000015.58,1
615,0.999997581161,2.80230805184e-12,333936.704169,139870.843115,0.0,9999710.18755,100000016.849,1
616,0.999997547106,2.81404851755e-12,331350.338069,133718.404601,0.0,9999693.21497,100000000.104,1
617,0.999997609274,2.873737556e-12,325160.996955,123679.951817,0.0,9999701.95531,99999999.0536,1
618,0.999997615435,2.59393313936e-12,311726.331251,114408.146274,0.0,9999702.23025,100000001.996,1
619,0.99999759817,2.60919902052e-12,328222.920958,111120.958564,0.0,9999722.67842,100000003.312,1
620,0.999997577735,2.60169071311e-12,331731.739525,111410.478069,0.0,9999718.79436,100000011.496,1
621,0.999997577762,2.65591166128e-12,340491.216757,115497.136559,0.0,9999728.41924,100000026.527,1
622,0.999997656847,2.59493719446e-12,316259.954912,115449.017231,0.0,9999722.84237,100000025.889,1
623,0.999997651027,2.68148889625e-12,341265.760248,111169.656138,0.0,9999758.46035,100000028.86,1
624,0.999997720448,2.66932857779e-12,326209.258729,119692.073711,0.0,9999760.38185,100000045.619,1
625,0.999997681441,2.69561753973e-12,335201.833497,119300.135621,0.0,9999758.33354,100000043.191,1
626,0.999997587008,2.75586696217e-12,356117.230281,111430.268091,0.0,9999748.24154,100000037.231,1
627,0.999997511507,2.83116534101e-12,374429.641061,110585.068534,0.0,9999740.505,100000030.136,1
628,0.999997489485,2.825759524e-12,375738.49465,98119.7588157,0.0,9999734.35573,100000016.088,1
629,0.99999758549,2.76965915463e-12,340419.589454,108094.26653,0.0,9999716.65243,100000023.348,1
630,0.999997604394,2.78092029753e-12,354373.208666,95151.97636,0.0,9999751.74554,100000005.688,1
631,0.999997640309,2.73185193086e-12,349417.170118,102072.711408,0.0,9999762.18838,100000017.255,1
632,0.999997580773,2.708705675e-12,351760.655668,112205.457625,0.0,9999742.95801,100000016.614,1
633,0.999997594087,2.7961509337e-12,364673.036105,124400.554764,0.0,9999764.30843,100000046.484,1
634,0.999997546343,2.95201650254e-12,386726.122531,128814.061185,0.0,9999772.10365,100000037.667,1
635,0.999997498249,2.92679768508e-12,377360.666151,126097.059882,0.0,9999732.98301,100000028.377,1
636,0.999997545174,2.74578005184e-12,368248.273061,129143.891275,0.0,9999755.34929,100000035.344,1
637,0.999997488433,2.73457079634e-12,384319.359863,123106.853103,0.0,9999761.74225,100000027.378,1
638,0.999997473582,2.66250090828e-12,378772.924472,125244.436933,0.0,9999749.19786,100000028.727,1
639,0.999997539931,2.5491362846e-12,360588.718668,114225.604464,0.0,9999755.39319,100000025.604,1
640,0.999997541148,2.53154690277e-12,364362.69034,105427.956791,0.0,9999766.80732,100000013.595,1
641,0.999997552112,2.52150734511e-12,364641.56445,109719.054709,0.0,9999774.53807,100000020.542,1
642,0.999997583154,2.45963277185e-12,357886.247903,107481.19232,0.0,9999782.17176,100000025.794,1
643,0.999997651629,2.39696570117e-12,341247.18351,111556.985279,0.0,9999790.23024,100000025.738,1
644,0.999997607278,2.53627442765e-12,357170.256653,123719.704136,0.0,9999787.65593,100000029.762,1
645,0.999997554803,2.66108558558e-12,369337.387183,110848.906532,0.0,9999772.13969,100000025.913,1
646,0.999997587785,2.71104474205e-12,367731.486884,109562.260624,0.0,9999780.08271,100000033.4,1
647,0.999997510365,2.68974714772e-12,376661.597892,109538.034617,0.0,9999761.72934,100000019.471,1
648,0.999997573968,2.73956517812e-12,377171.805248,101138.229507,0.0,9999791.68006,100000020.917,1
649,0.999997542246,2.7696011532e-12,386107.773354,102100.935795,0.0,9999791.01396,100000021.85,1
650,0.99999753225,2.78822564652e-12,388065.840784,103984.538651,0.0,9999785.89407,100000038.426,1
651,0.999997585266,2.84480572661e-12,378739.219578,99770.564283,0.0,9999786.72795,100000044.237,1
652,0.999997488578,2.92738869263e-12,387080.70627,103516.907366,0.0,9999747.07684,100000035.443,1
653,0.999997492613,3.0501588348e-12,379728.864138,110435.702936,0.0,9999724.80474,100000032.713,1
654,0.999997493343,2.94961279844e-12,365585.399337,97373.5404082,0.0,9999710.01417,100000016.774,1
655,0.999997497272,2.98458144271e-12,360086.708368,86489.8249653,0.0,9999698.56944,100000015.821,1
656,0.999997463002,2.89927838941e-12,344651.332864,85012.735109,0.0,9999667.03203,100000012.896,1
657,0.99999743293,2.88114516381e-12,354378.556603,82834.1246494,0.0,9999673.37206,99999994.2696,1
658,0.999997461362,2.81306097153e-12,354769.173429,83576.3327302,0.0,9999690.61833,99999998.5867,1
659,0.999997604429,2.56625646021e-12,330273.293111,79702.1356007,0.0,9999727.67479,100000012.356,1
660,0.999997485989,2.6187702958e-12,363403.606861,85343.3826498,0.0,9999734.0899,99999992.4138,1
661,0.999997439625,2.58975752698e-12,381057.116509,87403.4651405,0.0,9999750.87848,99999982.4165,1
662,0.999997464284,2.60067288738e-12,370297.46603,87001.4976277,0.0,9999741.99165,99999971.7464,1
663,0.99999739025,2.64425501412e-12,376687.91734,83735.1555973,0.0,9999715.97066,99999950.4802,1
664,0.999997384616,2.56433184309e-12,377215.922666,76391.392312,0.0,9999720.27698,99999946.2546,1
665,0.999997411394,2.497579421e-12,368142.177962,74907.5682211,0.0,9999721.69976,99999947.6319,1
666,0.999997385208,2.58196530543e-12,365507.015821,79146.6828586,0.0,9999700.13379,99999935.4817,1
667,0.999997333812,2.66986350861e-12,361242.661264,86018.0797291,0.0,9999668.79223,99999919.2172,1
668,0.999997352546,2.57829348003e-12,368419.360319,79889.0260958,0.0,9999691.52317,99999926.75,1
669,0.999997353897,2.58991086169e-12,360300.295659,76333.8583949,0.0,9999678.04901,99999922.3966,1
670,0.999997371373,2.53729478132e-12,349840.275492,78643.3709489,0.0,9999673.99981,99999920.6069,1
671,0.999997344433,2.59995232895e-12,355344.153958,76653.3775145,0.0,9999667.41757,99999921.1682,1
672,0.99999736826,2.59195935053e-12,353789.00548,73787.4130646,0.0,9999674.43469,99999921.4954,1
673,0.999997326842,2.63885611304e-12,358827.971395,79274.341081,0.0,9999664.7408,99999908.0155,1
674,0.999997277812,2.65484966975e-12,353037.323912,77205.9452908,0.0,9999636.05544,99999911.0929,1
675,0.999997300744,2.62922239895e-12,349924.238205,78488.0953196,0.0,9999642.59916,99999906.9888,1
676,0.999997362279,2.55678128833e-12,332077.394397,81488.2423487,0.0,9999644.70105,99999911.6265,1
677,0.999997351626,2.7935818501e-12,346036.783602,89513.2559685,0.0,9999646.16705,99999908.087,1
678,0.999997340413,2.67086501058e-12,363378.475115,85363.5160268,0.0,9999676.26891,99999901.345,1
679,0.999997291218,2.54913420879e-12,373145.512115,82372.3145739,0.0,9999678.24952,99999905.0751,1
680,0.999997264444,2.55625617941e-12,366741.793337,83020.3087484,0.0,9999658.01212,99999901.2123,1
681,0.999997259318,2.49011403978e-12,360157.651414,85723.6503248,0.0,9999650.65477,99999894.8458,1
682,0.999997371158,2.45645279039e-12,348774.525528,85641.9082228,0.0,9999679.66676,99999905.7611,1
683,0.999997381521,2.46105726614e-12,344338.588786,89341.8331137,0.0,9999677.10963,99999903.3792,1
684,0.999997428366,2.42606435564e-12,344081.3019,86483.6124098,0.0,9999698.76166,99999898.999,1
685,0.999997330818,2.47800567684e-12,353789.395068,87665.0349812,0.0,9999672.27653,99999885.9885,1
686,0.999997362299,2.44871688294e-12,356660.559402,95045.1661348,0.0,9999692.54724,99999889.0704,1
687,0.999997385798,2.53328469571e-12,347030.937826,97217.603871,0.0,9999680.42609,99999893.0304,1
688,0.999997372835,2.45833373044e-12,341367.021663,97025.2590715,0.0,9999672.70791,99999894.239,1
689,0.999997293869,2.37185515857e-12,356719.887061,93621.3703982,0.0,9999670.66663,99999886.6506,1
690,0.999997408201,2.43307690347e-12,354715.447565,93661.5289404,0.0,9999710.71075,99999894.2703,1
691,0.999997439666,2.49371232749e-12,353220.549236,95532.2881321,0.0,9999717.13633,99999893.818,1
692,0.999997362422,2.48273881713e-12,356806.205483,94383.2340124,0.0,9999692.82064,99999882.9352,1
693,0.999997398241,2.53902777337e-12,351403.456543,90822.9690681,0.0,9999694.84632,99999875.9368,1
694,0.999997449811,2.54095045725e-12,350281.386757,93918.3710766,0.0,9999713.69433,99999883.4159,1
695,0.999997458745,2.67821048618e-12,348223.442345,98289.129979,0.0,9999704.71628,99999877.29,1
696,0.999997455915,2.73768042582e-12,342604.243834,100892.398252,0.0,9999691.89802,99999858.4703,1
697,0.999997407502,2.7337073546e-12,341404.767326,100115.140237,0.0,9999672.2478,99999850.4822,1
698,0.999997493078,2.56781600317e-12,326137.729159,103639.327046,0.0,9999692.99956,99999875.0771,1
699,0.999997497754,2.53279340455e-12,321948.56352,110290.081459,0.0,9999690.36938,99999880.8724,1
700,0.999997420494,2.68576652024e-12,311190.854769,111581.37301,0.0,9999636.67267,99999862.6894,1
701,0.999997438036,2.65438610398e-12,313948.099125,112465.375042,0.0,9999648.94878,99999864.3973,1
702,0.999997357599,2.76416100682e-12,330782.150481,113240.798079,0.0,9999635.9759,99999872.355,1
703,0.99999743669,2.72371388403e-12,326439.66024,112318.990397,0.0,9999661.52307,99999872.3287,1
704,0.999997455069,2.55808006446e-12,336240.789144,116453.318498,0.0,9999696.32975,99999883.787,1
705,0.999997376972,2.62461086633e-12,320561.151607,121456.340467,0.0,9999640.37566,99999865.2495,1
706,0.999997379819,2.65125700815e-12,326789.320427,120096.248469,0.0,9999647.24513,99999865.6581,1
707,0.999997382019,2.67609979401e-12,335140.307676,120733.307898,0.0,9999658.90244,99999849.9289,1
708,0.999997360889,2.6749238788e-12,321076.265832,121653.4185,0.0,9999631.85546,99999843.5619,1
709,0.999997432009,2.68278913572e-12,314381.202662,125713.938839,0.0,9999645.46593,99999864.2105,1
710,0.999997534624,2.6705486269e-12,323504.536142,129810.181938,0.0,9999696.62904,99999892.6544,1
711,0.999997467277,2.75643320002e-12,330699.349653,126756.618837,0.0,9999674.1172,99999895.4713,1
712,0.999997416063,2.62730173413e-12,337445.617778,116984.539282,0.0,9999674.52255,99999875.3697,1
713,0.999997411801,2.65989120567e-12,323754.147465,117264.943064,0.0,9999650.58316,99999873.7189,1
714,0.999997398388,2.70765488371e-12,331384.185926,123254.247382,0.0,9999654.18782,99999872.2864,1
715,0.999997399123,2.7018445659e-12,327510.499763,121087.875341,0.0,9999650.12626,99999869.1714,1
716,0.999997429113,2.7357575062e-12,331769.11465,120645.578017,0.0,9999664.63855,99999872.4622,1
717,0.999997376393,2.89256046856e-12,337027.84952,116608.181726,0.0,9999643.15924,99999860.3018,1
718,0.99999744931,2.83251430733e-12,333859.654878,119137.937009,0.0,9999667.03247,99999883.6764,1
719,0.999997542155,2.71179336632e-12,323215.138977,120735.148278,0.0,9999693.05294,99999907.2513,1
720,0.999997480711,2.68369151833e-12,316593.471901,119386.139825,0.0,9999662.2624,99999907.7649,1
721,0.999997366449,2.68292852969e-12,325860.469014,116008.457915,0.0,9999636.19979,99999877.3027,1
722,0.999997338313,2.67726707403e-12,327508.112822,118646.752672,0.0,9999629.91942,99999872.3916,1
723,0.999997355336,2.72832392361e-12,338405.125586,116390.456481,0.0,9999646.01729,99999871.4012,1
724,0.999997310636,2.69213834231e-12,328424.507919,114808.553665,0.0,9999620.32574,99999853.2437,1
725,0.999997350091,2.62698364237e-12,315490.138993,114299.351969,0.0,9999621.03402,99999852.688,1
726,0.999997367682,2.70928531109e-12,309025.538989,124983.395455,0.0,9999613.06299,99999862.5973,1
727,0.999997437241,2.6601967654e-12,296296.758658,125841.316103,0.0,9999622.1351,99999868.3202,1
728,0.999997432468,2.65916064862e-12,299366.535779,125278.877056,0.0,9999623.82833,99999874.9652,1
729,0.999997350498,2.53944812351e-12,310702.581522,112869.724006,0.0,9999619.10885,99999858.2952,1
730,0.999997394657,2.43837500062e-12,302902.554167,119118.722706,0.0,9999628.33955,99999879.2007,1
731,0.999997336773,2.37745651805e-12,293831.535458,112843.324472,0.0,9999600.38583,99999867.6928,1
732,0.999997290503,2.45590619196e-12,290225.399893,118824.948118,0.0,9999578.31986,99999856.7975,1
733,0.999997385865,2.54538829915e-12,293454.673343,115645.881898,0.0,9999607.0155,99999873.8876,1
734,0.999997230094,2.65156712051e-12,303219.739575,121738.050474,0.0,9999564.94158,99999851.1999,1
735,0.999997184281,2.549987101e-12,305489.143606,117647.514928,0.0,9999557.78709,99999862.1305,1
736,0.999997225589,2.57342853539e-12,299545.40687,119066.949711,0.0,9999562.09125,99999868.4127,1
737,0.999997221304,2.58315866819e-12,309466.757273,114274.332302,0.0,9999571.41806,99999861.7921,1
738,0.999997211458,2.56898928134e-12,308128.907099,119268.361329,0.0,9999566.6857,99999870.6371,1
739,0.999997231459,2.54985397014e-12,304943.863255,122788.051539,0.0,9999569.73151,99999883.1433,1
740,0.999997218209,2.64854569145e-12,314945.825854,129329.590052,0.0,9999571.94823,99999885.8017,1
741,0.999997289239,2.62591831044e-12,307593.7361,127450.81802,0.0,9999587.21356,99999891.7734,1
742,0.999997266933,2.6579922941e-12,310184.829294,127998.021951,0.0,9999581.22514,99999888.4455,1
743,0.999997330656,2.73006389882e-12,304478.565638,130634.369904,0.0,9999590.35855,99999906.1578,1
744,0.999997336994,2.75916736504e-12,309343.638498,130276.188058,0.0,9999595.67745,99999915.8187,1
745,0.999997405238,2.61766773445e-12,301453.431961,132885.06913,0.0,9999616.50143,99999937.8558,1
746,0.999997385165,2.61924462735e-12,308047.953304,135193.186751,0.0,9999616.46466,99999950.5345,1
747,0.999997306695,2.76255708876e-12,311641.373444,147750.216304,0.0,9999590.08866,99999930.0622,1
748,0.999997294569,2.80147512668e-12,332677.817817,148503.005832,0.0,9999610.69975,99999915.1349,1
749,0.999997377148,2.83229268188e-12,341462.898677,148198.114271,0.0,9999649.47464,99999928.4698,1
750,0.999997393507,2.76189550273e-12,336682.150071,146848.675543,0.0,9999653.01363,99999933.5455,1
751,0.999997406492,2.75340087277e-12,320506.634968,164549.936874,0.0,9999636.85854,99999954.4472,1
752,0.999997440782,2.56117468426e-12,308990.611563,157907.526702,0.0,9999643.06669,99999970.6525,1
753,0.999997378002,2.54577546317e-12,299893.8612,161284.967586,0.0,9999610.95273,99999963.5062,1
754,0.999997348099,2.66479975896e-12,313390.191449,167823.543882,0.0,9999611.48549,99999960.5621,1
755,0.999997303424,2.75430291657e-12,327519.336596,164973.754265,0.0,9999609.63541,99999948.9677,1
756,0.999997330677,2.82971497606e-12,331693.773211,166081.070282,0.0,9999618.7929,99999962.3521,1
757,0.999997329837,2.85728663986e-12,339915.995829,159727.125299,0.0,9999627.50919,99999954.0792,1
758,0.999997329458,2.83231468329e-12,345458.855182,161026.621559,0.0,9999636.96031,99999952.8905,1
759,0.999997360275,2.71425597415e-12,338291.441925,153393.81219,0.0,9999645.57948,99999945.4024,1
760,0.999997355398,2.74026555783e-12,337069.721727,150886.205567,0.0,9999638.23453,99999959.1721,1
761,0.999997326427,2.93520247944e-12,344291.138615,156621.974934,0.0,9999626.61765,99999952.9196,1
762,0.999997357296,2.88121098801e-12,338388.518691,160131.838965,0.0,9999632.53607,99999960.9448,1
763,0.999997240685,3.04462181946e-12,346215.072442,164216.65564,0.0,9999596.65352,99999913.6803,1
764,0.999997213245,2.9702524706e-12,338178.337665,159575.114266,0.0,9999582.3301,99999905.2286,1
765,0.999997173797,2.95913083303e-12,347637.757192,152519.274934,0.0,9999581.08226,99999898.9533,1
766,0.999997096077,2.80190940177e-12,348064.307865,144227.873352,0.0,9999564.69407,99999877.493,1
767,0.999997166198,2.80596605666e-12,340654.618217,142316.331273,0.0,9999577.58648,99999895.2203,1
768,0.999997143984,2.90064754884e-12,352113.079044,146813.063633,0.0,9999580.85606,99999880.8805,1
769,0.999997154147,3.04281646121e-12,345743.623734,143260.592395,0.0,9999567.70536,99999891.7064,1
770,0.99999719255,3.13554826306e-12,333828.757389,144566.271833,0.0,9999561.16815,99999899.7682,1
771,0.999997173654,3.0194849767e-12,326964.370894,142009.626178,0.0,9999553.87681,99999895.3688,1
772,0.999997044088,3.09970513649e-12,336556.537545,141307.710756,0.0,9999521.80278,99999873.2963,1
773,0.999997102685,3.0770854476e-12,352936.618596,136546.226404,0.0,9999556.54331,99999900.4701,1
774,0.999997145242,3.17088377691e-12,344993.543015,138025.443979,0.0,9999556.60197,99999904.8658,1
775,0.999997073786,3.40077933442e-12,360737.990275,147085.183234,0.0,9999541.91187,99999885.7776,1
776,0.999997073306,3.44985662465e-12,357339.029224,149065.717925,0.0,9999534.86134,99999888.9229,1
777,0.999997031619,3.50427727429e-12,344496.188772,145434.267692,0.0,9999507.96106,99999867.9859,1
778,0.999997056391,3.47449815761e-12,332710.961421,143609.192742,0.0,9999502.8925,99999881.9129,1
779,0.999997070629,3.32853282828e-12,328940.755175,150721.322348,0.0,9999510.20004,99999896.951,1
780,0.999996945278,3.35669102902e-12,331583.478759,159470.649891,0.0,9999476.8042,99999883.4378,1
781,0.999996902962,3.24219802137e-12,321760.043036,153875.264299,0.0,9999461.17785,99999868.38,1
782,0.999996952288,3.09522033799e-12,319437.054027,147379.070197,0.0,9999479.18888,99999866.5912,1
783,0.999996891967,3.14687142654e-12,314841.325639,146188.27822,0.0,9999455.34336,99999865.8771,1
784,0.999996925946,3.26146755961e-12,318249.300565,149899.880798,0.0,9999462.79867,99999870.1984,1
785,0.999996954219,3.26314380555e-12,320259.328663,143345.340962,0.0,9999472.53619,99999871.1792,1
786,0.999997033769,3.4192494169e-12,326259.576202,147940.699899,0.0,9999492.64421,99999898.6818,1
787,0.999996902794,3.3133167202e-12,327950.379545,152922.327053,0.0,9999462.25955,99999892.08,1
788,0.999996875725,3.2824875827e-12,327687.513865,151086.32795,0.0,9999454.78164,99999901.5443,1
789,0.999996747153,3.21953159089e-12,324705.110789,148277.873713,0.0,9999420.15739,99999879.2944,1
790,0.999996767615,3.29541721717e-12,320407.380626,157439.269269,0.0,9999419.78891,99999880.6237,1
791,0.999996879467,3.25671004283e-12,323997.108512,139621.58925,0.0,9999453.18236,99999893.927,1
792,0.999996833908,3.26005225745e-12,321105.142335,141367.727135,0.0,9999438.58015,99999890.2609,1
793,0.999996970345,3.30815083998e-12,321921.091008,147913.575591,0.0,9999473.70037,99999918.0131,1
794,0.999996972198,3.29145566297e-12,328012.627067,144780.73891,0.0,9999480.28739,99999918.9394,1
795,0.999997002319,3.14391696386e-12,307156.151486,135744.822175,0.0,9999474.224,99999922.6604,1
796,0.999997035912,3.2682250309e-12,317524.726033,145896.05905,0.0,9999488.74675,99999926.2885,1
797,0.999997006776,3.25700578957e-12,313411.860449,137522.901981,0.0,9999476.26425,99999928.117,1
798,0.999997099204,3.2033725696e-12,314637.484386,135087.990176,0.0,9999505.30003,99999938.8191,1
799,0.999997121903,3.18511731645e-12,320098.1177,137238.822366,0.0,9999517.43732,99999948.9762,1
800,0.999997124702,3.10920015594e-12,327409.492814,141823.944457,0.0,9999529.11822,99999953.1203,1
801,0.99999714513,3.00201118254e-12,336190.527039,149943.236571,0.0,9999549.95921,99999973.9259,1
802,0.999997145922,2.92598432024e-12,336010.488845,138302.661705,0.0,9999552.54288,99999967.33,1
803,0.999997187688,2.92293742253e-12,335405.52397,147220.969957,0.0,9999564.35303,99999991.8527,1
804,0.999997218128,2.78883615051e-12,330861.266277,132894.971994,0.0,9999574.56208,99999997.7317,1
805,0.999997250303,2.88463725164e-12,317419.808587,142860.232818,0.0,9999565.94126,99999985.7253,1
806,0.999997285346,2.83511483393e-12,332024.437195,150738.766686,0.0,9999599.0477,99999990.3934,1
807,0.999997308706,2.84465541434e-12,319695.545627,148897.718609,0.0,9999591.04945,99999980.1931,1
808,0.999997339385,2.87028074191e-12,319168.110724,150726.537573,0.0,9999598.84397,99999992.3674,1
809,0.999997336636,2.86334992854e-12,320713.083513,147104.558747,0.0,9999600.09329,99999986.4997,1
810,0.999997289258,2.87215571294e-12,317255.212417,144303.73312,0.0,9999580.18547,99999963.1062,1
811,0.999997230871,2.89457177789e-12,312493.080193,148434.286183,0.0,9999556.0864,99999953.2363,1
812,0.999997274589,2.77048078347e-12,294056.62131,146228.365099,0.0,9999553.78937,99999969.7811,1
813,0.999997227504,2.72477895064e-12,288246.306523,143278.242418,0.0,9999534.28467,99999992.1308,1
814,0.999997160436,2.69771913079e-12,279713.86303,133966.329955,0.0,9999506.1759,99999993.8545,1
815,0.999997089206,2.59295349702e-12,283660.15742,140473.692506,0.0,9999497.49478,99999971.951,1
816,0.999997133663,2.51222775395e-12,281527.742774,132704.807451,0.0,9999511.53635,99999975.443,1
817,0.999997057888,2.49043090769e-12,275994.343158,141840.16738,0.0,9999486.23588,99999967.2229,1
818,0.999997139666,2.52127043707e-12,279922.715639,120281.584939,0.0,9999510.16813,99999972.049,1
819,0.999997188834,2.47872027836e-12,281036.500201,118266.237674,0.0,9999528.08174,99999974.4212,1
820,0.999997155749,2.48822115422e-12,274102.166124,119257.414052,0.0,9999511.08593,99999966.4231,1
821,0.999997132502,2.46300366694e-12,259420.344474,115333.858336,0.0,9999490.22932,99999960.6879,1
822,0.999997241004,2.44847511337e-12,265645.565442,115097.375406,0.0,9999526.84823,99999983.6168,1
823,0.999997205457,2.40232370606e-12,270984.528425,116748.860535,0.0,9999524.10255,99999990.3121,1
824,0.999997279992,2.39800553738e-12,276732.334646,110467.268103,0.0,9999551.4646,99999994.3915,1
825,0.99999732435,2.51828819766e-12,281957.433085,116411.671414,0.0,9999565.03098,99999999.1232,1
826,0.999997319238,2.57536218254e-12,274481.413884,118402.378329,0.0,9999552.32511,99999982.5067,1
827,0.999997326845,2.62093731492e-12,281512.778482,117631.660553,0.0,9999559.71967,99999982.3861,1
828,0.999997335749,2.55907805103e-12,280849.125558,125630.176105,0.0,9999566.32412,99999981.7046,1
829,0.999997318216,2.52233964298e-12,284587.889365,125023.555679,0.0,9999567.25977,99999980.7854,1
830,0.999997357394,2.49583431689e-12,284156.434985,123505.604027,0.0,9999580.37882,99999984.8354,1
831,0.999997326917,2.46828010647e-12,284676.51804,134311.140615,0.0,9999574.20737,99999992.4805,1
832,0.999997381378,2.40973307841e-12,280401.713452,133584.000044,0.0,9999588.5697,100000001.973,1
833,0.999997424937,2.34740622286e-12,276580.339699,141022.547125,0.0,9999602.13599,100000001.95,1
834,0.999997436816,2.34997184565e-12,277383.358142,151691.410532,0.0,9999608.68773,99999998.3155,1
835,0.999997446351,2.39093513333e-12,280512.173517,158021.21851,0.0,9999614.23071,100000000.115,1
836,0.999997369795,2.39118529842e-12,276123.033794,166219.79025,0.0,9999584.99681,99999999.4516,1
837,0.999997344104,2.34765662324e-12,269990.594233,164119.924182,0.0,9999572.97288,99999982.6566,1
838,0.999997325917,2.41480998304e-12,272787.060159,183409.162167,0.0,9999568.74138,99999982.6155,1
839,0.999997330789,2.34579586771e-12,275425.614613,180393.79488,0.0,9999576.90181,99999991.0407,1
840,0.999997347123,2.41167444906e-12,285144.042304,176275.430149,0.0,9999589.82995,99999988.9947,1
841,0.999997350089,2.37079919285e-12,282081.144635,163548.475508,0.0,9999588.59378,99999984.0185,1
842,0.999997356188,2.45782598975e-12,294412.93317,168275.288421,0.0,9999601.1415,99999986.3689,1
843,0.999997332453,2.47997315486e-12,301756.259371,165183.912448,0.0,9999602.18152,99999971.6189,1
844,0.999997316775,2.6112594213e-12,315018.913343,163683.334533,0.0,9999604.56797,99999977.3565,1
845,0.999997301535,2.66484975306e-12,314112.890712,180762.845211,0.0,9999596.43586,99999988.3312,1
846,0.999997243733,2.72448962401e-12,327523.648072,196935.346012,0.0,9999592.47898,99999992.0934,1
847,0.999997243852,2.78410960314e-12,325417.194641,201543.212669,0.0,9999587.43497,99999978.7154,1
848,0.999997225951,2.97747186462e-12,330807.485392,203403.603117,0.0,9999578.74556,99999957.5917,1
849,0.999997158342,2.97632669066e-12,318826.704578,195952.393257,0.0,9999543.05888,99999948.7692,1
850,0.999997193347,2.89189388911e-12,321279.9804,190930.75411,0.0,9999560.51071,99999960.5528,1
851,0.999997285528,2.94979812848e-12,326729.078379,196319.60926,0.0,9999592.75451,99999974.7124,1
852,0.999997272256,2.94802087796e-12,326131.830118,196898.496824,0.0,9999587.98288,99999966.4424,1
853,0.999997266919,2.82371624243e-12,325383.735489,186961.975773,0.0,9999592.56925,99999959.2697,1
854,0.999997172736,2.84444579616e-12,329252.404282,175995.977292,0.0,9999564.51525,99999940.8107,1
855,0.999997199353,2.8183322083e-12,339301.393296,179527.867625,0.0,9999586.84045,99999960.7119,1
856,0.99999734699,2.67352990972e-12,328158.220809,168454.788996,0.0,9999630.11913,99999984.566,1
857,0.999997374488,2.60700258613e-12,314414.393157,168387.728663,0.0,9999626.69219,99999969.6255,1
858,0.99999735618,2.61903453642e-12,311999.474999,163737.851116,0.0,9999616.86738,99999960.4062,1
859,0.999997366389,2.56331564083e-12,297321.346636,159340.179767,0.0,9999604.28317,99999952.9691,1
860,0.999997424277,2.47040433863e-12,296902.202393,171839.268659,0.0,9999629.66421,99999959.8721,1
861,0.999997445004,2.54494875321e-12,303364.322279,183404.852257,0.0,9999641.81311,99999968.1223,1
862,0.999997505468,2.41969335926e-12,287546.555912,177231.980668,0.0,9999647.54208,99999980.0302,1
863,0.99999758549,2.20244836056e-12,268958.324734,178252.834119,0.0,9999663.09499,99999986.2846,1
864,0.999997550969,2.42543752302e-12,278663.351146,188591.151333,0.0,9999651.30929,99999982.4905,1
865,0.99999756149,2.37366756188e-12,265732.381817,171077.18868,0.0,9999637.15679,99999983.9384,1
866,0.999997579638,2.31887087699e-12,270047.474198,171891.572193,0.0,9999654.52745,99999973.8112,1
867,0.999997515337,2.3562957032e-12,278251.774168,164135.382028,0.0,9999642.77169,99999950.2271,1
868,0.999997553037,2.27569365901e-12,269106.560225,145355.907438,0.0,9999646.23829,99999946.3499,1
869,0.999997508012,2.21792287989e-12,270016.155499,139802.699004,0.0,9999634.86363,99999942.9744,1
870,0.999997560452,2.21859157309e-12,272430.123185,136201.443856,0.0,9999655.4647,99999957.9956,1
871,0.999997529674,2.19508417485e-12,278448.331576,142769.338674,0.0,9999653.29842,99999984.7997,1
872,0.999997611439,2.1061583163e-12,261750.020922,146258.740914,0.0,9999662.61934,99999997.1678,1
873,0.999997658969,2.06027368109e-12,254887.195899,146547.599592,0.0,9999671.8951,99999999.8884,1
874,0.999997640928,2.06061216114e-12,248963.267921,140993.115163,0.0,9999655.26003,100000006.333,1
875,0.999997661504,1.97533516087e-12,241044.307252,131701.068572,0.0,9999654.68401,100000011.015,1
876,0.999997557639,2.03546582217e-12,252447.058558,129961.291448,0.0,9999632.5509,99999993.5595,1
877,0.999997544249,2.0906617169e-12,255861.530721,129844.26318,0.0,9999628.93869,99999990.3039,1
878,0.999997491215,1.96235502603e-12,245189.258311,130036.595547,0.0,9999606.97951,99999984.8526,1
879,0.999997427013,2.15106844366e-12,240267.12735,124483.193212,0.0,9999570.59114,99999961.3828,1
880,0.999997400354,2.08269699251e-12,239415.293713,128055.741986,0.0,9999565.50913,99999977.4666,1
881,0.999997460197,2.12913045023e-12,244767.535503,120903.290693,0.0,9999584.74508,99999990.1559,1
882,0.999997467896,2.04256556023e-12,244133.139607,105476.818273,0.0,9999590.45522,99999985.626,1
883,0.99999741411,2.02488188907e-12,247527.067368,103781.201795,0.0,9999579.22718,99999993.8297,1
884,0.999997423643,1.90401749097e-12,220029.246055,104232.610291,0.0,9999555.895,99999996.7021,1
885,0.999997436022,1.7588283522e-12,223047.770403,97170.9332984,0.0,9999570.35161,99999996.2181,1
886,0.999997443384,1.61611342117e-12,223186.011295,97966.2874709,0.0,9999581.53721,99999997.5754,1
887,0.999997437729,1.56011287605e-12,230306.109118,107902.67966,0.0,9999591.69838,100000014.652,1
888,0.999997471913,1.56578539594e-12,231744.430963,102983.939743,0.0,9999603.92665,100000014.721,1
889,0.999997472069,1.66227178023e-12,245010.128556,108164.565875,0.0,9999616.85489,100000007.389,1
890,0.999997403563,1.68804016159e-12,236634.981551,121585.289662,0.0,9999584.36115,100000002.13,1
891,0.999997502725,1.48990383191e-12,226517.052421,126318.68504,0.0,9999616.6503,99999992.2356,1
892,0.999997518227,1.48102110802e-12,228708.627016,126675.379084,0.0,9999624.33632,100000003.612,1
893,0.999997557735,1.50942036585e-12,227205.307126,128436.822117,0.0,9999631.88789,100000017.632,1
894,0.999997602245,1.45933277208e-12,222714.92994,122812.352038,0.0,9999642.25313,100000013.056,1
895,0.999997555335,1.44082903829e-12,233968.920307,112520.135009,0.0,9999642.80075,100000011.023,1
896,0.999997572925,1.39991742352e-12,230373.10246,113890.133164,0.0,9999645.56836,100000014.943,1
897,0.999997541893,1.41012507585e-12,223462.11179,104909.184936,0.0,9999626.74632,99999976.4816,1
898,0.999997486406,1.40185955478e-12,215029.651222,106209.889287,0.0,9999598.69054,99999983.5282,1
899,0.999997460664,1.55509694976e-12,234817.657925,105313.061813,0.0,9999605.96543,99999977.2858,1
900,0.999997408355,1.53152925773e-12,242184.915137,107862.735121,0.0,9999599.97331,99999987.7594,1
901,0.999997427242,1.49054541212e-12,250070.357946,116431.117952,0.0,9999620.37592,99999995.5909,1
902,0.999997403983,1.57400227062e-12,241847.987371,117895.682884,0.0,9999597.9278,99999980.2302,1
903,0.999997425116,1.72249124026e-12,240038.473293,116394.397482,0.0,9999592.5859,99999969.6703,1
904,0.99999739537,1.81543524641e-12,248330.055386,114734.617465,0.0,9999587.5454,99999972.5602,1
905,0.999997430632,1.74639314968e-12,246679.534673,115663.615576,0.0,9999599.33713,99999975.2714,1
906,0.999997467069,1.80893686854e-12,243661.723437,96745.605368,0.0,9999600.58868,99999964.84,1
907,0.999997477004,1.77508935763e-12,234289.226849,85600.7474974,0.0,9999593.78129,99999954.6865,1
908,0.999997387006,1.66635999721e-12,231907.520619,82384.3643751,0.0,9999570.62498,99999946.397,1
909,0.999997385338,1.65587210224e-12,226038.122752,80817.0652133,0.0,9999562.82015,99999948.684,1
910,0.999997359676,1.64093551461e-12,226917.411091,83035.3631782,0.0,9999557.38464,99999944.32,1
911,0.999997347453,1.69020073915e-12,229318.136696,88647.1903071,0.0,9999553.44496,99999951.3338,1
912,0.999997332275,1.62715294023e-12,240250.984953,93266.1329593,0.0,9999563.68253,99999971.1835,1
913,0.999997329595,1.58754555207e-12,240316.447847,94301.4647013,0.0,9999564.78726,99999973.7509,1
914,0.999997248292,1.57204548527e-12,232409.153386,98060.4702537,0.0,9999533.14601,99999971.6755,1
915,0.999997228857,1.62687113833e-12,223302.08395,99501.231177,0.0,9999514.66492,99999970.2658,1
916,0.999997248674,1.57020765757e-12,230897.443926,99733.8756801,0.0,9999533.19919,99999971.9852,1
917,0.999997263167,1.50595424669e-12,221887.8012,101960.668108,0.0,9999529.70156,99999987.2322,1
918,0.999997264731,1.54416979358e-12,227919.994056,108987.067224,0.0,9999534.07197,99999993.3473,1
919,0.999997284719,1.53779359539e-12,225965.75777,105305.83399,0.0,9999538.9071,99999992.6895,1
920,0.999997330112,1.54249490306e-12,216219.674231,104687.184573,0.0,9999541.69063,99999987.8174,1
921,0.999997307674,1.51241314712e-12,214680.494823,104418.117681,0.0,9999535.46928,99999987.8878,1
922,0.999997176019,1.45922786043e-12,210583.43639,103360.150182,0.0,9999496.34041,99999987.1317,1
923,0.999997240388,1.43111193698e-12,189830.46623,102105.235005,0.0,9999493.73182,99999988.4178,1
924,0.999997201437,1.36542791276e-12,183652.143352,96656.087252,0.0,9999480.76251,99999978.2879,1
925,0.999997240858,1.35174670654e-12,185641.919075,99692.7987526,0.0,9999494.59183,99999963.628,1
926,0.999997239488,1.327196387e-12,182218.19447,90138.9126142,0.0,9999490.6505,99999961.6882,1
927,0.999997201405,1.34054352787e-12,182154.254235,88364.7435475,0.0,9999479.36246,99999964.2853,1
928,0.999997182836,1.31218963874e-12,185873.152132,88285.0382429,0.0,9999479.54423,99999970.3485,1
929,0.999997163933,1.3236064147e-12,180993.619255,93889.4254567,0.0,9999469.18262,99999985.45,1
930,0.999997172894,1.35838169709e-12,182207.24638,96098.0676729,0.0,9999472.61274,99999970.6169,1
931,0.999997213191,1.31626214137e-12,179598.732869,95032.6476881,0.0,9999482.5683,99999976.9139,1
932,0.999997171264,1.37496620113e-12,186766.614026,102664.323976,0.0,9999475.41498,99999991.294,1
933,0.999997197133,1.35810524207e-12,190277.251011,107704.1383,0.0,9999485.65961,100000004.611,1
934,0.999997161034,1.34561549287e-12,192914.579089,109364.932981,0.0,9999478.44045,100000012.9,1
935,0.99999718279,1.38282828861e-12,197947.112498,119236.616333,0.0,9999487.69356,100000017.107,1
936,0.999997200838,1.4362296615e-12,186694.385778,118465.831997,0.0,9999479.95459,99999995.293,1
937,0.999997133534,1.48999449261e-12,179681.682744,120837.640335,0.0,9999452.44181,99999996.6368,1
938,0.999997200892,1.46570299331e-12,174703.724342,115895.20718,0.0,9999467.06512,99999983.7196,1
939,0.9999972007,1.45405822746e-12,175113.521166,116604.309374,0.0,9999467.2597,99999992.6444,1
940,0.999997271245,1.4362735269e-12,180431.004972,112699.5388,0.0,9999490.08442,100000004.449,1
941,0.999997284969,1.50505290975e-12,193960.039657,114977.001443,0.0,9999503.4973,100000005.532,1
942,0.999997304767,1.52874915342e-12,187868.803791,115050.727428,0.0,9999501.63049,99999999.1128,1
943,0.999997349229,1.56218758839e-12,197541.118328,113591.215115,0.0,9999523.04285,99999983.9967,1
944,0.999997287373,1.52122321139e-12,190293.219371,119218.6474,0.0,9999500.47841,99999992.4851,1
945,0.99999729855,1.52159084865e-12,199676.559031,123819.151581,0.0,9999513.01365,100000001.022,1
946,0.99999728925,1.56486286908e-12,202237.579992,126558.874657,0.0,9999509.3185,100000012.754,1
947,0.999997293423,1.55306312947e-12,210198.579558,131146.545946,0.0,9999519.18773,100000009.181,1
948,0.999997295458,1.46320811782e-12,203521.291874,129480.499189,0.0,9999517.05091,100000008.48,1
949,0.999997269037,1.53140149724e-12,208123.894095,126858.90906,0.0,9999510.87839,100000008.511,1
950,0.9999972572,1.46247397355e-12,207776.142022,119655.031887,0.0,9999509.35513,100000020.343,1
951,0.99999729691,1.57734523242e-12,222331.316414,122731.41401,0.0,9999529.98098,100000017.402,1
952,0.999997318284,1.61656305827e-12,220783.283509,115225.808159,0.0,9999532.47692,100000007.393,1
953,0.999997305174,1.67578594955e-12,221547.693113,112279.212671,0.0,9999526.34911,99999999.1187,1
954,0.999997258411,1.74541174383e-12,228796.069228,114894.641199,0.0,9999517.98352,99999986.9653,1
955,0.999997243278,1.76459417878e-12,214844.726315,121437.472235,0.0,9999498.5326,99999986.454,1
956,0.999997266435,1.81010718229e-12,199583.243127,123695.789725,0.0,9999488.91266,99999970.3516,1
957,0.999997283423,1.86425008016e-12,212712.34573,119838.280404,0.0,9999503.93489,99999964.4973,1
958,0.999997309978,1.81245970599e-12,207915.206909,126777.417306,0.0,9999508.69701,99999972.8,1
959,0.999997302954,1.88466936394e-12,212774.494782,123421.411464,0.0,9999509.7687,99999949.5668,1
960,0.999997281569,1.88176301142e-12,207577.898837,121010.97908,0.0,9999497.92068,99999952.8628,1
961,0.999997257272,1.71802577686e-12,201773.850842,124450.016608,0.0,9999493.45019,99999965.7974,1
962,0.999997243535,1.77157394236e-12,214088.451074,125185.589765,0.0,9999499.13422,99999977.7867,1
963,0.999997198164,1.77192001666e-12,215135.890392,127390.395706,0.0,9999488.05453,99999981.9293,1
964,0.999997207153,1.78026110482e-12,216037.343819,123926.136634,0.0,9999491.685,99999974.1837,1
965,0.99999717405,1.73898566692e-12,204008.182013,123888.254224,0.0,9999473.40584,99999971.0671,1
966,0.999997143246,1.77630203584e-12,218274.09724,119056.079017,0.0,9999477.56524,99999961.3555,1
967,0.999997176672,1.85238743154e-12,222076.265614,107311.876025,0.0,9999486.3635,99999954.6207,1
968,0.999997225289,1.96770835406e-12,220581.510168,109708.897088,0.0,9999491.7624,99999961.0618,1
969,0.999997258536,1.99746936096e-12,223487.171872,100955.402541,0.0,9999503.21314,99999955.2632,1
970,0.999997215147,1.89517533836e-12,224709.541391,99822.5560726,0.0,9999497.98024,99999957.3987,1
971,0.999997180506,1.8857601237e-12,214085.121814,94173.0814976,0.0,9999478.2011,99999946.1845,1
972,0.99999717417,1.92330218196e-12,207137.38147,92615.7910663,0.0,9999468.14481,99999947.0556,1
973,0.9999971546,1.9061942914e-12,212399.541665,95353.059246,0.0,9999468.77018,99999946.1975,1
974,0.999997063928,1.86143534257e-12,215496.056296,95954.9180853,0.0,9999448.96582,99999963.6222,1
975,0.999997102544,1.94395044372e-12,211367.202933,89707.1145961,0.0,9999451.61061,99999959.518,1
976,0.999997137501,2.03754536133e-12,216724.600386,93978.3389658,0.0,9999460.45106,99999962.531,1
977,0.999997117281,2.08860600352e-12,220156.634606,87855.1120779,0.0,9999457.08272,99999942.1352,1
978,0.999997157835,2.08331796581e-12,232751.266434,83346.5093525,0.0,9999479.29986,99999944.6714,1
979,0.999997160578,2.15988577714e-12,224461.072982,81928.1312722,0.0,9999468.91144,99999934.7631,1
980,0.999997137452,2.07380517768e-12,219469.626303,83376.3302402,0.0,9999463.109,99999937.013,1
981,0.999997132459,2.15014249433e-12,223083.20391,81937.0382615,0.0,9999462.1194,99999928.6843,1
982,0.999997219682,2.18677053717e-12,218244.100571,78554.0982306,0.0,9999478.74602,99999929.636,1
983,0.999997272469,2.22415639896e-12,223189.759076,77356.2673787,0.0,9999495.3507,99999929.9698,1
984,0.999997297776,2.27009125282e-12,222535.96111,76659.7989651,0.0,9999499.923,99999923.5528,1
985,0.99999727868,2.22459157807e-12,218375.86414,80367.5078574,0.0,9999492.70832,99999931.962,1
986,0.999997222347,2.15848628977e-12,208102.576327,83824.6652781,0.0,9999471.72554,99999933.1292,1
987,0.999997292838,2.23556452012e-12,210285.535441,82958.5644116,0.0,9999489.329,99999921.2015,1
988,0.999997329155,2.22500836929e-12,216133.466721,86049.6085323,0.0,9999504.69603,99999941.1328,1
989,0.999997312751,2.24274944155e-12,213830.398349,94708.0522175,0.0,9999497.20525,99999940.2325,1
990,0.99999727162,2.37339988402e-12,211779.509587,89376.7505513,0.0,9999478.02875,99999921.063,1
991,0.999997299716,2.32097921468e-12,210960.11235,90205.3948173,0.0,9999486.70847,99999930.9103,1
992,0.99999723038,2.23447247255e-12,198060.443894,90750.933658,0.0,9999461.55251,99999924.1074,1
993,0.999997173631,2.26953263129e-12,194937.623276,90633.6749863,0.0,9999444.24474,99999918.7357,1
994,0.99999722625,2.3238831866e-12,200513.47636,86782.7886391,0.0,9999459.80659,99999915.0579,1
995,0.999997131607,2.34991894089e-12,198185.282558,89535.8108349,0.0,9999434.1322,99999902.3078,1
996,0.99999708367,2.34335937949e-12,189024.574442,84844.4795795,0.0,9999414.94245,99999900.4778,1
997,0.999997211937,2.49426359327e-12,192019.587592,84873.1387852,0.0,9999442.30013,99999905.1768,1
998,0.999997147325,2.39766523686e-12,187015.879825,77297.9798626,0.0,9999427.76908,99999888.9746,1
999,0.999997132024,2.46225242169e-12,198321.24537,84989.6862672,0.0,9999431.70103,99999885.0654,1
