gen,w_bar,w_var,k1_var,k2_var,f_var,numk1,numk2,numf
0,0.8250058673,0.00768051778119,4.05131985355,3.90356449223,1.39090136524,627,627,334
1,0.832459191272,0.00652970126293,7.98988446637,7.21278831385,2.7112474128,635,635,403
2,0.839430744629,0.00542833676213,12.3886576091,11.6947891504,3.75712927621,620,621,437
3,0.841969132084,0.0046177561836,17.0266909261,15.0396722785,4.81094873559,614,614,476
4,0.8405063856,0.00439968548639,22.1497497905,17.4082702637,6.1891944142,629,629,488
5,0.840995456244,0.0039910037179,24.7314897826,22.2561357366,7.45686480386,643,643,501
6,0.843853886964,0.00366029217663,27.9630980604,26.6495254844,9.25405951811,624,624,514
7,0.835931594765,0.00366720294107,32.4750186329,29.4794455764,11.1538359276,641,641,511
8,0.841568402002,0.00333477178817,36.5951781307,33.6106301025,11.6539269156,632,632,538
9,0.835080739153,0.0032819631595,40.1949041676,34.9124347237,12.6189102105,617,617,509
10,0.837983263628,0.00305146100097,42.5315301645,39.2560601767,14.0694549184,640,640,540
11,0.837158160509,0.00318546506708,48.1529206064,48.2049180828,13.5910174133,626,626,526
12,0.841303804849,0.00291709787741,52.8128517062,50.3778143855,14.3560553728,631,631,540
13,0.836263739985,0.00292801071032,62.4563648785,54.3419218189,16.9129440807,618,620,524
14,0.837471904395,0.00269844567546,69.796515864,57.5247653454,18.7520717104,620,620,546
15,0.838751602078,0.00235467003401,73.5624919799,62.0501019949,18.8305664969,619,619,558
16,0.835287827074,0.00249856938712,81.1342658703,66.1128833312,20.4774745,631,631,550
17,0.834593164373,0.00280239366221,84.3710593389,77.9398066486,22.6543451171,622,622,541
18,0.837299523341,0.00270882589084,90.5213540099,83.2113596726,22.9597402675,628,628,545
19,0.838669691875,0.00259717734832,89.2278356263,91.2005308729,23.5378177014,636,636,565
20,0.836265511324,0.00275941957118,98.4305991263,91.1116383802,23.2358393073,647,647,572
21,0.837716390778,0.00257537022805,97.3800033196,98.1630930929,24.5555535682,632,632,563
22,0.837355852632,0.00260495792759,100.621999579,101.394149936,25.0983004245,650,650,574
23,0.835093337372,0.00255281867401,96.5481916403,104.888300544,28.7359317683,611,611,538
24,0.835418450274,0.00240163227956,97.8505014471,96.8301951576,30.6439342166,637,637,566
25,0.832690852299,0.00248076674455,102.820154738,100.752007335,32.0361541323,631,631,558
26,0.83301320492,0.00237839342386,104.418740121,104.812028362,32.8347517187,632,632,558
27,0.835230123467,0.00224956446311,109.004755303,113.013211095,32.1483768194,620,620,558
28,0.834161591386,0.00201531932646,124.327520712,110.341144804,36.9267474673,613,613,558
29,0.83411946894,0.00214098946807,117.688825856,111.668901295,39.8918187326,629,629,576
30,0.833231158604,0.00197936696023,119.56426999,108.713393252,36.0609587231,635,635,585
31,0.834362495127,0.00213474274121,125.575634269,108.986500677,39.3043309383,662,662,613
32,0.830524022665,0.00194635006772,128.538000293,115.924964,37.0548172973,630,630,574
33,0.835410974052,0.00219142359451,130.338719196,127.082081635,40.8450882945,625,625,575
34,0.832638079311,0.00230164896103,148.14657474,137.824744152,42.2216511437,644,644,585
35,0.828437569916,0.00224987691201,143.56783334,148.417671738,40.705743186,619,619,544
36,0.828112744471,0.00224879478185,152.549205579,160.603794927,42.829519002,620,620,560
37,0.82716372685,0.00207055871813,154.133514537,165.985695267,42.793003251,623,623,564
38,0.826628350427,0.00197365184255,144.419307531,166.932889735,45.55433498,641,641,583
39,0.827238990194,0.00174612042161,145.99634831,178.813206028,45.2570204073,625,625,575
40,0.827512600437,0.00193198512235,150.779438378,171.827112094,49.8654076412,632,632,585
41,0.82995188425,0.00170640481989,154.7709927,180.205510524,48.9240649458,625,625,588
42,0.826876083075,0.0018869363322,163.603332861,191.399153121,52.8922777005,644,644,591
43,0.82747279719,0.00185147198926,166.791918375,184.213721809,50.7061362424,615,615,565
44,0.830590379087,0.00186653714826,173.54547369,181.120735531,52.7851753485,630,630,592
45,0.831339294917,0.0018924463447,185.213073807,179.444973977,53.3895299839,628,628,584
46,0.829906717284,0.00193188872196,202.003056567,183.418726757,50.4857739588,622,622,571
47,0.831620039265,0.00191297343003,203.426429205,202.393109022,47.9697750377,633,633,584
48,0.830392044813,0.00196685507536,201.219067362,204.19186639,46.7013042615,620,620,563
49,0.831896229381,0.00192777298546,211.527799581,205.500112332,44.7795806932,626,626,580
50,0.830724993446,0.00193688879012,221.843548782,203.82818079,45.2205249266,617,617,567
51,0.828908155646,0.00200094179994,219.642518919,214.555669026,46.3741696171,633,633,585
52,0.828260768848,0.00191033384883,231.056550162,233.668494844,42.3074558694,627,627,573
53,0.83117243626,0.00204332504582,242.116690836,237.98019281,43.4304386038,628,628,579
54,0.834774021588,0.00183441329848,240.041084279,234.82275418,43.0548315083,618,618,578
55,0.833222151266,0.00203496429235,238.953482871,225.714972044,44.5780908054,629,629,582
56,0.832221711495,0.00203950564627,240.380094121,244.522718118,47.7010637413,627,627,582
57,0.829797259576,0.00203786921398,255.960935978,246.115524848,51.8616888039,634,634,579
58,0.828577259919,0.00216328550421,251.13710495,257.523239677,53.9667606216,639,639,582
59,0.833636158125,0.00217483842278,260.998335672,247.207094608,54.1782269812,635,635,591
60,0.834540734795,0.00198432112302,256.962366154,241.610452816,58.3109150431,628,628,593
61,0.832314489172,0.00205250089609,281.034928474,242.96052491,53.6223708379,630,630,585
62,0.827086987591,0.00183318857229,259.41655305,254.48858695,53.5899484136,638,638,581
63,0.829240252882,0.00185564867248,271.020058522,259.453025791,48.4183114776,625,625,578
64,0.830457784943,0.00177058846211,262.735008181,266.855945022,52.3369706496,633,633,584
65,0.830292421004,0.00195497133988,276.036054205,268.32514273,50.1971939903,635,635,585
66,0.830855208385,0.00210586649222,285.606467014,282.109716594,50.4929790865,632,632,571
67,0.830365090028,0.00223090569579,263.917703927,273.925733004,50.9861591432,624,624,568
68,0.827090378903,0.00220372127141,292.509337677,276.883372849,60.5990670458,632,632,567
69,0.825266069993,0.00212203054104,279.247072444,300.305887701,61.8995931547,636,636,572
70,0.827887058221,0.0020781750792,302.089855058,310.438980386,58.878190394,633,633,576
71,0.82925290109,0.00195941370348,306.942819681,327.069099956,59.4312143239,628,628,576
72,0.828013680102,0.00208839735982,304.108211279,325.230696922,60.154076271,630,630,577
73,0.832623456864,0.00218608347055,305.951376669,330.005123594,64.9051272131,623,623,574
74,0.829916682229,0.00227696606165,312.120066058,331.800326312,63.7814739336,631,631,573
75,0.825419325702,0.00250898337585,313.352550277,363.213412901,63.7734834509,624,624,549
76,0.83246902554,0.00287866409634,317.750108621,361.819110739,61.8955310114,642,642,572
77,0.829217472841,0.00271590614333,344.891023932,386.407283215,60.978632657,633,633,554
78,0.827740784079,0.00248083063516,391.169165236,342.301067119,53.1523234684,634,634,549
79,0.827594357463,0.00218256173787,382.02208265,340.106200762,50.308085067,649,649,574
80,0.828387394955,0.00201562751207,360.259523101,334.0775598,49.7014085881,647,647,576
81,0.830126451966,0.00231109786599,327.220580063,337.125770853,51.6404283479,626,626,572
82,0.830797390098,0.00215530357791,324.401358912,328.941575339,46.754974509,618,618,559
83,0.832240876272,0.00200263327607,344.819960019,328.885420562,50.2164284843,641,641,591
84,0.831686960494,0.00213391103388,366.589486235,353.724837363,52.5026059515,605,605,558
85,0.830142273222,0.00235159514326,380.18096508,381.450606022,60.399924013,632,632,572
86,0.832933264493,0.00225820101873,383.871511927,386.30317133,57.0444763154,638,638,582
87,0.828911302113,0.00232205117704,372.798988978,382.566037217,56.3046795937,645,645,578
88,0.829130178509,0.00214712098343,358.802316033,374.094900075,60.6932737136,630,630,569
89,0.828700202159,0.0021905306696,369.502477558,371.457952378,55.3841743361,644,644,577
90,0.830691797374,0.00230155364144,393.601006436,376.207567471,56.4237030326,624,624,571
91,0.828888466136,0.00200767809081,419.751261985,357.092362493,55.9953585548,626,626,571
92,0.830192222281,0.00199831960185,427.606869313,382.306949868,53.866903747,619,619,570
93,0.829864420625,0.00200661755222,411.936884833,383.03639912,54.287923695,640,640,593
94,0.828834920122,0.0017459641064,425.735603928,371.814164185,57.5306466301,637,637,596
95,0.827552490978,0.00159794872521,423.462929282,336.934894251,52.272662749,640,640,595
96,0.831155499417,0.00187460124358,402.842374365,351.925215827,54.4371697149,628,628,587
97,0.830209824058,0.0018951417305,412.086770665,352.579255393,57.9023984217,633,634,592
98,0.827388429401,0.00191310037976,408.24281381,362.826261021,60.472589193,655,655,604
99,0.829883728605,0.00212698784919,387.526201926,363.95400725,60.3408306534,627,627,581
100,0.828173230622,0.00202777996031,410.156034753,341.382545334,61.8040731044,618,618,565
101,0.826997560978,0.0023069945044,449.89654979,349.678004764,54.9845517393,638,638,566
102,0.830365080444,0.00215657494582,487.621369062,370.630087789,49.328805044,646,646,588
103,0.828291375097,0.00224190330762,493.088894792,370.751243256,50.1316571601,638,638,574
104,0.827002757033,0.00205703537544,497.806020732,414.040816078,57.0590787189,611,611,556
105,0.825766334641,0.00219545735405,518.551498716,414.829333764,54.740169411,623,623,553
106,0.829271100817,0.00233820564442,522.816125472,395.239335888,54.1219306385,623,623,563
107,0.828140844443,0.00232190837826,526.479934347,410.899918068,55.0989356632,630,630,567
108,0.834853136334,0.00229817732064,508.484618007,400.198429527,51.5898352844,624,624,570
109,0.827995017811,0.0022050916536,538.117023793,384.963359756,51.9250348518,631,631,565
110,0.827386668901,0.00223871856459,527.378253275,422.907611674,49.2022593756,638,638,570
111,0.830599678201,0.00204692916332,510.993575589,448.671240018,49.3861731403,637,637,582
112,0.83166151219,0.00219243798966,539.388470635,440.275989289,51.297546068,644,644,593
113,0.829859505729,0.00210008985326,555.641578125,424.337666509,49.6301516847,629,629,566
114,0.831103482953,0.00219095925096,535.264260006,423.237930317,49.3815033492,637,637,580
115,0.830712791641,0.00221845622006,543.135220316,417.295142068,48.4910314361,617,617,552
116,0.828987703331,0.00233772316308,541.159409647,441.930224627,53.3259769468,624,624,557
117,0.83302896241,0.00203163616122,581.416277707,441.517879318,51.6220220625,625,625,578
118,0.831284924977,0.00211058813279,603.152565607,440.916226004,54.6965990899,621,621,564
119,0.829812448391,0.00205851998681,569.434788581,420.607175635,66.2916634563,622,622,568
120,0.826405335212,0.00204824809778,539.993409475,428.531488786,64.6281002119,628,628,571
121,0.824774931394,0.00191289332122,545.866359258,444.471089652,65.5872850391,634,634,575
122,0.827921342733,0.00198761464446,566.318464252,443.700040659,64.4292957829,639,639,586
123,0.82764182888,0.00186740875737,539.878803313,447.603410001,63.3771628315,623,623,575
124,0.82861990448,0.00204136395212,565.557545357,434.603101168,57.6835528376,625,625,573
125,0.828235344589,0.00209605366152,545.105855382,440.353364472,56.3804508571,642,642,586
126,0.828041873184,0.00198924633118,519.745144282,448.374757946,54.2831651237,642,642,585
127,0.82793871347,0.00228429080004,514.137970856,466.012431632,53.787742694,632,632,572
128,0.829663168691,0.00226384577728,509.371308941,453.89199426,51.2109720031,636,636,577
129,0.827277125625,0.00216129643368,521.276798402,445.183288017,58.9318169048,640,640,571
130,0.827957217658,0.00202349203436,533.015357677,506.800088788,63.1302699723,635,636,573
131,0.830413660832,0.00202484002119,566.579971074,494.996375095,61.592889773,623,623,571
132,0.828590630917,0.00223980697726,574.294939739,506.993341058,66.1941473512,640,640,583
133,0.828937429387,0.00236894297265,603.319556198,529.167527503,69.8541701141,633,633,580
134,0.829339241963,0.00215490307307,635.308736517,498.755406659,71.4788681992,621,621,568
135,0.825342723812,0.00209569041794,629.595137541,472.717000628,66.6980947295,632,632,574
136,0.824082204128,0.0021725844045,647.950616838,512.816540479,70.23730726,643,643,581
137,0.826892933226,0.00211440635465,656.935840734,550.73959869,69.3556713103,632,632,568
138,0.82661897144,0.00211608684994,635.969334865,534.955067779,70.3091792424,621,621,570
139,0.824498212557,0.00200985114378,659.200544135,500.555462608,74.937716921,638,638,575
140,0.826894384173,0.00199761152453,633.721396915,471.289084687,81.3269513525,633,633,580
141,0.824745443568,0.00199439558141,666.88854036,474.72060496,79.5996846097,636,636,576
142,0.828798045,0.0022680208369,691.066711141,504.01290494,80.311727873,638,638,581
143,0.830580227107,0.0023568299651,663.999663553,463.061252774,81.9599550725,640,640,580
144,0.828454078633,0.00221742708208,717.182484154,461.774464634,77.8269824174,635,635,574
145,0.829231400492,0.00212631815862,696.789306428,507.147277929,71.1478080261,625,625,566
146,0.832475894519,0.00205350957297,682.115976393,493.733479292,78.955656931,629,629,586
147,0.828970843207,0.0022228064849,652.232884957,457.294235087,82.2648027335,617,617,561
148,0.828351964779,0.00211920288519,625.853553387,454.813840882,80.9896942469,620,620,558
149,0.829431744045,0.00210362757967,612.873557329,468.431416383,72.7368095777,619,619,562
150,0.829120616502,0.00219620474942,677.35619372,476.557347097,66.1395677558,629,629,567
151,0.827203826858,0.00208638733555,701.576684439,472.229183628,60.0661018524,612,612,549
152,0.829078258061,0.00208370864578,707.565691592,511.454183257,57.6432769852,633,633,578
153,0.831655084243,0.00195952337729,742.246801826,535.567559538,51.5744772945,639,639,591
154,0.830821516553,0.00200609987888,742.929584798,527.348506548,47.6848242347,637,637,585
155,0.829561245024,0.00184631628404,748.376299521,537.126560441,56.0488447506,626,626,578
156,0.831175204334,0.00179112638403,729.522518356,577.467003022,55.2873212733,649,649,604
157,0.828356136954,0.00198053342493,690.678854258,560.412153322,62.2959236581,630,630,576
158,0.828375036289,0.00174326317959,724.047336587,606.195847838,55.6057560126,632,632,586
159,0.830639523673,0.00198833501864,729.054988413,656.661881673,55.1151494913,637,637,584
160,0.831132284024,0.00224535779784,724.064641432,652.105417618,64.7425758167,631,631,575
161,0.828264588655,0.00205684971705,753.606364287,636.69129927,61.8856117537,624,624,563
162,0.831868055928,0.00224231657585,775.101398508,616.748058462,81.5620847216,628,628,575
163,0.833550649044,0.0022890717421,757.761804017,654.78989603,82.0750480143,630,630,579
164,0.831056358149,0.00208498264042,802.000668681,642.397107512,85.0726230046,638,638,590
165,0.82891525956,0.00203446808753,772.949187943,635.58745621,78.8528861229,627,627,570
166,0.825633238165,0.00217165997924,760.861602155,618.946172909,91.6114828825,637,637,570
167,0.826848617957,0.00206339551607,730.728015051,657.562169322,89.1345388253,637,637,581
168,0.827426801547,0.00202137497384,745.086789571,680.075112515,89.0272559232,636,636,578
169,0.834187516444,0.0021808957345,715.1306635,708.60702304,85.8904043131,631,631,586
170,0.830440099207,0.00223469067114,740.836011395,689.558212735,82.5581917795,622,622,573
171,0.82769220867,0.00218973406838,762.149736438,750.778380498,81.6831292377,638,638,573
172,0.830800782003,0.0020843444573,792.569924806,747.834240824,80.774180309,625,625,578
173,0.830118464988,0.00226405705889,798.980971145,811.383964774,66.0001346407,632,632,578
174,0.832133216889,0.00199101076287,800.724038637,793.475685955,62.6322825209,615,615,568
175,0.828728507903,0.00229454318371,831.33970911,721.590709034,66.5084207637,627,627,568
176,0.827706261683,0.0022287292503,825.993579812,733.247840348,62.107232315,641,641,575
177,0.831559284325,0.00240202222854,779.379780908,719.729642585,68.5813571241,621,621,563
178,0.829872683868,0.00247066526287,801.296251212,677.817135198,73.7571655994,643,643,575
179,0.827943868283,0.00242134706122,799.226727931,629.743106237,81.3124614603,628,628,563
180,0.834511335392,0.00221546014039,775.091890283,611.013662488,81.0913746019,617,617,562
181,0.830618641252,0.00223983619516,804.496240662,562.592720231,80.6082552195,645,645,579
182,0.832249862034,0.00227702299332,824.723048363,568.612102212,70.2888018134,631,631,568
183,0.833171636842,0.00234829061912,850.191657367,549.731539091,63.5740673289,635,635,571
184,0.831964281088,0.00235561464767,892.70906717,593.096814474,63.1479892046,632,632,570
185,0.833202610147,0.002310142661,922.354470152,552.834433301,59.1220792881,627,627,568
186,0.831395272531,0.00226103649979,929.988208581,518.584895491,42.5561840167,622,622,555
187,0.833465405557,0.00239127225329,923.603987194,554.363930685,42.2154470347,622,622,556
188,0.8375557961,0.00239118869957,912.644107316,538.459480153,43.0513259591,629,629,571
189,0.834276862178,0.00263028135074,889.554469318,538.910982122,40.124324511,639,639,562
190,0.83570290992,0.00264526510729,898.273919837,548.849005718,36.4042104837,635,635,560
191,0.833201493603,0.00243551021638,906.047782368,526.197702795,34.2230483804,644,644,566
192,0.833421491139,0.00238585124255,914.121523134,524.356871195,33.4766285111,633,633,562
193,0.837487534567,0.00239802025084,891.538759485,520.174432345,33.0213984344,631,631,561
194,0.837320550037,0.002604962852,829.838748637,517.089761518,34.4720071206,645,645,579
195,0.832021667986,0.00271853279087,810.80901713,507.57436223,35.3296207501,636,636,556
196,0.835628283776,0.00258085347074,756.186353236,547.503168414,32.8261787614,644,644,569
197,0.831843351634,0.00219495592275,788.99633194,539.541930415,32.2692088242,633,633,554
198,0.833215661155,0.00232272841691,844.439962134,522.589015679,35.6614635324,632,632,569
199,0.828885325419,0.00240082517887,778.475107249,514.20850875,36.5528876107,626,626,547
200,0.83463940543,0.00249005906054,788.999721232,580.433229774,35.1968092195,622,622,554
201,0.835781152986,0.00252024131426,808.528197547,602.610475514,36.7356081462,631,631,572
202,0.836809288393,0.0025896762487,765.388116654,537.70657252,40.8019218046,634,634,567
203,0.831702894903,0.00253854361444,798.874289609,476.157820772,40.1568969908,628,628,550
204,0.83336479325,0.00253364497732,837.809065546,458.409902499,44.7376130771,639,639,565
205,0.829418748981,0.00222982114633,828.088292372,516.994139979,45.4965606033,640,640,564
206,0.829672598293,0.00235659073641,843.137456251,505.409673568,41.7866073048,636,636,563
207,0.833460870629,0.00236369084476,880.991567392,508.818612312,48.1644973926,623,623,568
208,0.829359737511,0.00242838700995,895.041779847,508.239708284,46.5668170793,637,637,564
209,0.829430901518,0.00195070969005,885.986646671,542.978666347,40.2888827383,611,611,554
210,0.829105718966,0.00223125321801,909.748741216,540.420707839,41.2664341199,631,631,567
211,0.828623433038,0.00210993319786,883.032261424,507.868761759,44.1930055158,620,620,562
212,0.827712037268,0.00183594699015,848.575945522,531.471610276,46.7296390333,633,633,576
213,0.826182223002,0.00168898677569,841.449857717,508.56664205,48.7388378924,632,632,585
214,0.826797267906,0.00207324918348,877.749558079,534.057572901,59.188593607,646,646,594
215,0.829974294396,0.00182222767241,874.494035973,540.048241332,56.9612584912,637,637,602
216,0.827549346057,0.00208098491418,806.348356446,600.936868477,54.4824786501,640,640,584
217,0.826800170278,0.0018030803501,804.898890494,608.315194216,55.3195380213,633,633,588
218,0.826874721718,0.00167143914188,828.352178168,633.550787106,55.9158341059,632,632,590
219,0.826464814645,0.00170275598854,821.975737291,652.754579452,50.5628475706,629,629,581
220,0.826892771253,0.00172164929477,799.878781399,624.654164314,47.2943905337,625,625,577
221,0.827538001867,0.00181927023159,799.143078834,611.650604674,46.8574960638,627,627,570
222,0.828261251758,0.00188604658038,841.569692037,577.989975335,43.6941693963,628,628,569
223,0.825456806423,0.00226877059573,881.430273986,554.27116214,44.3001212459,643,643,563
224,0.832416236121,0.00236620355911,919.608211939,517.546969357,42.0011495224,633,633,574
225,0.829668675678,0.00204275434422,966.403970856,517.44401647,43.4591466229,627,627,567
226,0.830276672252,0.00201164753294,947.643582955,464.278593265,43.1707560781,636,636,584
227,0.833785786628,0.00195725401762,940.964498138,441.389079135,41.3710626358,632,632,583
228,0.833624909143,0.00196460189856,952.167042469,445.622264073,42.8890644172,633,633,580
229,0.833678808864,0.00225621925906,916.619936544,413.036236271,45.1484530298,648,648,594
230,0.829817620366,0.00234592921869,979.645095818,412.205560097,45.0030584254,620,620,554
231,0.83245335945,0.0021266050729,1000.98379856,411.05683271,44.2692296426,633,633,587
232,0.830660264018,0.00229587202987,1066.62596578,409.835898946,47.3005292624,634,634,580
233,0.827684799721,0.00202648645189,1082.31971123,421.569256078,51.3746384078,638,638,578
234,0.831340777783,0.00199865058443,1091.30603191,398.397754074,47.5650156207,631,631,591
235,0.831646523288,0.00202030229019,1063.80098078,399.956687683,45.0971641522,632,632,585
236,0.828286535307,0.00203744480569,1116.66792856,363.55655262,47.1829745494,624,624,572
237,0.829744941293,0.00209567581135,1105.2548152,338.713290069,48.9285262137,623,623,569
238,0.82730899423,0.00201054305106,1099.89304873,350.65112151,47.6889889844,632,632,574
239,0.824588612213,0.00218736901474,1158.30075545,352.513934704,55.2805938099,644,644,571
240,0.829426888886,0.0022725846487,1236.17241309,344.786062404,50.5256242366,648,648,589
241,0.828986814353,0.00233227727869,1248.34129915,347.731402779,49.2063037006,635,635,573
242,0.832324924702,0.00232390521792,1202.48357071,365.107118663,50.9442762806,622,622,566
243,0.831508713334,0.00210462945028,1219.89572812,369.995171817,41.9782304461,627,627,570
244,0.830882672022,0.00195295119551,1162.45725861,360.262512809,43.505344146,634,634,582
245,0.831742121604,0.00225416336815,1167.85366922,354.392150949,41.0015945003,625,625,570
246,0.832853212384,0.00213802065822,1213.76931189,350.526601227,43.1684735082,620,620,571
247,0.834060448863,0.00203346784486,1199.87767507,395.476615358,43.7664272454,639,639,593
248,0.830533657086,0.00210752484232,1185.58343048,417.288466689,46.0820052096,636,636,578
249,0.829164101471,0.00203805424483,1146.7623877,426.800703862,43.4669875961,622,622,562
250,0.82715009038,0.00194606949356,1104.51989673,452.630349663,45.6011469413,641,641,582
251,0.832398472268,0.00193773847653,1116.85046035,460.51122152,48.3310331118,634,634,585
252,0.829259705061,0.00193883941349,1115.56619222,432.652645126,48.758583815,627,627,575
253,0.830443687797,0.00209655832436,1110.60090254,410.584280145,46.3005512352,635,635,579
254,0.834372730676,0.00213541887149,1144.95058652,385.732684601,44.4297568888,648,648,602
255,0.831688326211,0.00184404317177,1084.91733936,420.833322566,43.3207560374,635,635,587
256,0.831336423094,0.00199014442355,1116.03980304,430.373518456,48.422930896,635,635,584
257,0.832182018227,0.00228780569089,1203.54853124,423.455495643,50.5154230221,628,628,579
258,0.831196187766,0.00250905837395,1244.33439106,462.280921843,58.7896198001,614,614,560
259,0.829739193741,0.00238491886415,1245.48174755,443.433399185,56.0295315548,644,644,587
260,0.830699263387,0.00199013666354,1239.78199125,431.410604743,53.8692906926,640,640,583
261,0.830083582221,0.00215781574144,1280.72384115,432.501921497,50.146544376,632,632,580
262,0.826703302776,0.0022188046546,1195.22814253,410.690232899,50.6867664372,621,621,557
263,0.827444071267,0.00211495540422,1188.21900961,433.719107251,59.0528452529,641,641,579
264,0.827633102535,0.0020968015958,1130.18694314,451.980621088,60.6680901367,645,645,588
265,0.829380134775,0.0020945062828,1096.02724076,454.198198672,61.9787409965,642,642,584
266,0.831100082363,0.00216771637598,1095.20792488,428.716565085,60.870882331,623,623,570
267,0.828658634371,0.00205971031411,1042.49599565,445.444490311,64.9566868371,638,638,588
268,0.82905846845,0.00239558060074,983.84727258,446.602998409,67.7762274002,635,635,577
269,0.827337282321,0.00208579185903,1003.86690393,437.573642226,60.16624508,637,637,574
270,0.833090362783,0.00217530097997,986.497627554,450.154836614,53.81889206,630,630,584
271,0.82672193105,0.00195869352914,1018.49443707,437.821361811,54.826226497,629,629,569
272,0.827702493286,0.00193552237748,958.369838947,430.491055076,54.1230515113,620,620,563
273,0.828572016735,0.00185881757983,959.197899362,463.710800773,54.8125179051,638,638,594
274,0.826666403374,0.00201341964058,944.239019977,479.772740561,56.6835980454,621,621,565
275,0.826762289943,0.00189030987948,970.555731363,523.759945959,59.6336169507,636,636,580
276,0.830216706562,0.00199387000397,1012.03775875,501.104467938,63.7274282971,624,624,583
277,0.831061970344,0.00209707011684,981.285452331,503.199330036,59.2873517815,645,645,602
278,0.827933583092,0.00187554634838,982.012777441,479.537304138,59.2130790275,609,609,562
279,0.827869722361,0.00214799390624,969.636225638,467.982057101,70.1179846675,634,634,592
280,0.826000287555,0.00179884169015,914.387869593,480.273827655,69.1864860055,615,615,568
281,0.829391585968,0.00164546442663,873.690765908,449.331277826,64.7552163973,635,635,594
282,0.8336912284,0.00176366845411,894.436858766,478.277003741,63.2030019103,628,628,603
283,0.832511771497,0.00183140387183,945.23221548,527.179190999,63.1478914895,629,629,595
284,0.827218217038,0.0017297353802,882.298827392,579.094917806,62.4591400118,635,635,588
285,0.827405946432,0.00192251748587,864.315052803,615.834769705,62.3235293575,630,630,579
286,0.828879972242,0.00190312168167,858.716923589,561.665542431,62.3453806727,619,619,572
287,0.827264801283,0.00211702192921,833.851386004,561.147133602,60.9063988609,612,612,561
288,0.828109783725,0.00187663921717,820.724507432,539.848001757,61.6646143958,627,627,578
289,0.83157513595,0.00227839346001,755.612220774,570.828629006,57.805828986,631,631,582
290,0.829269164562,0.0020383486153,759.499399668,554.190383677,59.3191445151,642,642,579
291,0.830434121035,0.00203974376123,804.427452646,598.143241957,58.4664318678,623,623,566
292,0.830295456358,0.00241898191212,783.626250255,596.113647817,54.4180937324,642,642,577
293,0.829512250365,0.00246721702786,814.167399815,625.001593133,51.9985074333,632,632,558
294,0.830811824515,0.00253985956643,791.883969471,656.820193669,56.0273843229,632,632,572
295,0.830619711521,0.00241329877191,789.47135579,633.514572396,50.7558950105,622,622,558
296,0.827063098185,0.00259456181173,833.760394246,600.96473703,53.6260660885,642,642,564
297,0.831772785104,0.00287987459727,769.385030012,597.835100478,53.1716682859,637,637,562
298,0.828593895571,0.00244565596379,780.520507716,624.612864466,44.1953838126,628,628,550
299,0.828963681367,0.00220960610882,762.981285093,668.904337976,42.4078402961,660,660,588
300,0.835687291249,0.00216700055085,771.61548266,682.296426585,42.7707168861,630,630,578
301,0.834031357418,0.00209752856707,801.237671241,676.176433521,39.6345259432,640,640,582
302,0.836172210531,0.00207419999571,801.556551499,721.766846184,37.6166835863,624,624,575
303,0.834749470754,0.00216426453559,855.719833669,726.295037086,34.3762516232,624,624,569
304,0.833054554301,0.00203451510254,874.174381734,734.181933778,35.6860578106,617,617,559
305,0.832347956151,0.00205077102285,844.215569409,751.512335484,32.8790130308,622,622,559
306,0.83195319414,0.00228424045473,856.726932662,734.162774473,27.9049148205,631,631,561
307,0.834731941708,0.00184019228932,832.527225203,767.221707446,27.5191741254,647,647,594
308,0.830666393095,0.00181686785658,867.56208394,790.046428023,32.2098960217,643,643,591
309,0.833473498894,0.00208185785246,821.10114682,829.375678169,33.5924055683,631,631,585
310,0.833417882022,0.00187294631543,826.491857279,838.428919455,32.6290273517,637,637,587
311,0.833899159454,0.00209052093257,825.249349399,821.063655114,34.9613155208,608,608,558
312,0.834710087307,0.00217679351713,825.954453435,816.156881429,33.8471763976,644,644,591
313,0.832755892298,0.00232401333147,821.334439416,829.027790601,34.0207990311,628,628,570
314,0.832061218922,0.00207028379382,844.143085716,838.723869272,37.0091824428,633,633,576
315,0.832550853628,0.00210310206982,930.083277989,840.670517715,39.7597289947,629,629,566
316,0.834251055308,0.00217852537097,937.170377799,875.117086656,40.7059513093,643,643,586
317,0.833491992238,0.00223232719595,943.273967419,851.587890606,36.3512616441,634,634,574
318,0.831419789714,0.00200463110286,940.05970877,850.832584881,35.4741351565,623,623,561
319,0.834423570705,0.0019821008837,926.03175753,793.866760818,33.9600678051,635,635,579
320,0.833830457189,0.00215470234186,862.325344478,810.305614707,32.4120283168,637,637,589
321,0.834006279301,0.00210915332513,890.089321084,745.124184267,34.6826801143,629,629,583
322,0.831555230712,0.00191137065109,888.131321282,754.802585283,34.960729909,624,624,573
323,0.831694691986,0.00195206777547,922.421351152,706.802187343,34.9519202263,635,635,585
324,0.828379971748,0.00191752608343,1002.16402195,700.10291985,35.3679244042,627,627,570
325,0.832071295567,0.00198727421273,953.825255928,755.215540788,33.2361451171,655,655,609
326,0.833426473129,0.00203641676268,949.129867787,802.344566134,35.8662418806,632,632,584
327,0.829347064767,0.00183405289004,899.125436426,814.977542853,31.8257581327,623,623,570
328,0.827801706906,0.00173814547652,909.44966664,845.991892224,35.5018918896,632,632,575
329,0.829743685211,0.00179774453201,879.951338173,880.508014515,35.941161707,620,620,571
330,0.830173089912,0.00194436546328,854.464206308,910.880038486,38.978668341,622,622,567
331,0.832351095911,0.00201838811305,919.223103929,868.703156164,41.071511344,636,636,597
332,0.830597050375,0.00200603335579,918.579968557,829.26623253,40.1935562662,632,632,585
333,0.831044088917,0.00195780498941,958.389759186,824.367654335,42.6892246096,617,617,573
334,0.827974811951,0.00169793646366,928.189317995,841.970502295,42.1535237505,635,635,582
335,0.828591988893,0.0016329579819,909.862099709,880.250158319,42.2615109588,650,650,610
336,0.8287291661,0.00161596942551,958.403127485,864.189828526,40.1707024793,634,634,593
337,0.832279103334,0.00154935831978,914.271252923,887.751832761,40.4278778554,645,645,616
338,0.82897311426,0.0015903030036,913.763688517,882.709488252,40.0712847863,645,645,603
339,0.834112287997,0.00169349715839,848.861525322,915.23471344,40.4010449268,635,635,602
340,0.826555209243,0.00170724362027,859.569956035,907.351958661,41.3958125619,625,625,574
341,0.828743518418,0.00191388585641,829.701146216,977.648586045,40.2692091144,634,634,583
342,0.829017564736,0.00195859509963,838.857158257,963.360265966,40.6261517741,642,642,591
343,0.82720919123,0.00207956264122,801.959215349,1023.75155519,44.184698386,628,628,571
344,0.82985289646,0.00217153033623,844.136746483,1053.76550304,41.4437579968,625,625,572
345,0.825647099108,0.00181261238102,826.783498247,1073.33813084,42.891243143,630,630,582
346,0.829416311974,0.00169175574963,813.209286593,1027.24360438,43.0194555158,633,634,593
347,0.828559778349,0.00180974664591,792.308576729,995.353582258,42.076190406,626,626,582
348,0.828420305311,0.00188811210851,785.088928408,973.16797118,42.6733204453,633,633,584
349,0.827541003585,0.00173744220024,785.947884244,975.790251794,46.4897134499,641,641,601
350,0.828408723021,0.00202380405199,807.805975016,1050.47530111,50.03935466,638,638,591
351,0.831018145674,0.00190190904568,806.348950857,1035.18039541,50.7551970229,626,626,586
352,0.828336163466,0.00204731397493,820.305417742,1017.15878207,48.4269314696,618,618,570
353,0.831146904573,0.00189603055416,784.155426997,1054.66604782,50.6265872807,638,638,599
354,0.82858814653,0.00188461707272,826.093391943,1018.06449728,53.9373114506,635,635,586
355,0.829073978652,0.00176737027842,831.238118175,1027.61470137,51.9485612049,627,627,585
356,0.828492308835,0.00190492915295,813.453579252,1060.02186712,55.9737555846,626,626,577
357,0.828541061353,0.00192653030834,801.644273713,1095.05602127,60.8769195674,625,625,579
358,0.826115813795,0.00195323405152,755.032823936,1079.3143795,62.1419876269,626,626,570
359,0.826757919279,0.00206135803033,732.768359887,1116.4910898,62.1815905938,629,629,575
360,0.82860440289,0.00180086001942,750.888072898,1090.26268629,57.9841491267,630,630,586
361,0.827004292212,0.00183467855846,781.874209239,1149.81136049,62.1326818092,625,625,583
362,0.827599801157,0.00176016921546,763.450147504,1083.56063843,59.812946717,633,634,592
363,0.826938087127,0.00188335276141,773.697761318,1071.99665273,56.9813576116,624,624,578
364,0.82696376314,0.00205613969961,676.721034976,1102.25582821,62.0207038101,632,632,583
365,0.824786887594,0.00204655095814,640.114940652,1092.44156743,60.7047717919,621,621,568
366,0.826596562125,0.00213129575581,631.158781948,1121.18221726,60.3517465723,632,632,581
367,0.82799903996,0.00188617378046,602.069274109,1187.95769807,61.031156079,631,631,578
368,0.831654069145,0.00208279741733,555.483195575,1230.67573658,67.3745085572,626,626,585
369,0.829260567335,0.00210115866113,543.470379487,1234.82156301,62.8820612289,637,637,585
370,0.827163978483,0.00223976262998,600.542747038,1200.29056399,65.5549405217,636,636,580
371,0.831565057093,0.00204969039506,605.675560732,1190.79739125,62.1005250034,639,639,598
372,0.828885466444,0.00216171319994,609.519029072,1192.11000294,59.2464973439,611,611,558
373,0.833713478568,0.00229322335779,652.764467504,1202.35058013,61.9144669063,636,636,594
374,0.825433370483,0.00202964528306,622.292729957,1285.34820008,60.695437056,629,629,573
375,0.828420912033,0.00200967139656,655.570512069,1301.83230917,59.5746670225,635,635,580
376,0.828389692007,0.00219877494313,690.498351318,1347.42624196,67.0082726922,626,626,575
377,0.828530992946,0.00228831446247,672.791882966,1333.23767179,66.2123295969,635,635,580
378,0.8266656898,0.00188043397666,752.237589168,1320.45730477,67.4954173499,620,620,564
379,0.830520562952,0.00205539044883,737.646515875,1318.00365614,63.8244852437,633,633,586
380,0.830457626582,0.0019696816472,755.939743522,1309.6428112,58.7062928111,635,635,588
381,0.830371246769,0.00203158393404,791.933753977,1335.21975682,59.0983024138,621,621,570
382,0.827540931665,0.00228334878985,745.842552512,1272.6606529,54.5377031233,623,623,558
383,0.829008113994,0.00220941053681,682.133303423,1299.3483936,52.2589158577,638,638,582
384,0.83045460852,0.00216954458073,688.361943089,1270.86190365,49.9288735794,621,621,561
385,0.833277972445,0.00204613482447,727.729468358,1251.45784939,46.3483000721,624,624,569
386,0.830991883926,0.00187846211994,720.62501016,1300.02277047,50.7598772024,641,641,590
387,0.832384635986,0.00180456990996,717.602805057,1240.66859457,51.0781174572,626,626,584
388,0.831886135617,0.0021797219323,770.529250597,1201.54605822,51.6888702296,623,623,570
389,0.830480607376,0.0022475343361,794.098290609,1233.20486525,48.5489029409,629,629,574
390,0.828959473418,0.002056577771,796.521212504,1263.71609358,52.4494116766,624,624,568
391,0.831887891428,0.00197217207677,779.918188424,1293.49668132,49.5643521008,633,633,590
392,0.828930966978,0.00192886958251,749.903982251,1347.87891977,44.348662668,638,638,584
393,0.831116308167,0.00205406080485,780.452395907,1346.98876753,38.8945993551,634,634,581
394,0.831908173824,0.00196152784635,789.446393254,1410.60448858,41.7292376653,623,623,576
395,0.831896262724,0.00202657666075,781.08107494,1401.88704993,39.8205864453,634,634,585
396,0.833313208301,0.00221638693456,788.76182924,1399.43046722,39.9003878523,633,633,581
397,0.833117650041,0.00198030300756,793.618888616,1369.16353671,42.1049185386,612,612,568
398,0.831137263724,0.00209154063064,849.999152782,1361.5466953,44.4113557799,629,630,581
399,0.827172538285,0.00270462248446,921.115294929,1313.7390734,50.8137893919,618,618,543
400,0.830566034663,0.00237780827196,929.555642703,1358.87350515,50.5394234439,630,630,567
401,0.829512851583,0.00219138345763,843.154384015,1348.4575302,50.6422414443,652,652,596
402,0.827391990431,0.00189749481275,919.718109719,1265.24223208,47.3634861346,636,636,577
403,0.831117057653,0.00203784732668,988.447770476,1232.2203897,47.3523993007,658,658,613
404,0.831239266786,0.00235210935986,1036.35698731,1236.63180859,44.4333586151,621,621,566
405,0.82781765462,0.00204801826997,1022.17067693,1194.78364329,45.8923510196,639,639,574
406,0.828606143469,0.00222757677501,1046.77182665,1144.44497737,42.61753549,642,642,573
407,0.827157796621,0.00197400412607,1057.34176367,1145.04539517,42.5112710217,633,633,569
408,0.828908394135,0.00192653768744,1041.93712954,1115.46264685,43.0928961977,629,629,573
409,0.832212875416,0.00184881519306,1069.93960245,1134.26143362,46.7455197053,647,647,597
410,0.829452809348,0.0020965322957,1040.38265769,1190.5374268,47.275563614,629,629,572
411,0.831479379505,0.0023056157347,995.986676993,1181.28478403,48.4308154369,629,629,580
412,0.827966029889,0.00225558558748,991.625706564,1216.21045372,55.816397627,637,637,574
413,0.827390926953,0.00212937101018,1022.50898387,1215.10920686,50.6161858375,651,651,583
414,0.828060781457,0.0021776311743,1036.65561852,1158.81999082,56.0933049684,621,621,561
415,0.827120775257,0.00208042591536,1019.20125818,1090.62204621,53.9738042491,638,638,573
416,0.829611903207,0.00195399138878,1032.94019151,1143.56969357,55.8900686525,634,634,576
417,0.832950957335,0.00217124094039,1013.37315134,1136.17386078,58.1496353153,644,644,589
418,0.83160966281,0.00206539961836,979.809782904,1056.06615442,54.2039033558,629,629,582
419,0.83345314079,0.00213054376309,1034.14100122,1059.02579555,54.4367629675,629,629,586
420,0.828449346982,0.00205724081656,1082.44746565,1047.22866052,51.6133356402,630,630,572
421,0.830780279084,0.00213079789134,1058.99573748,1043.24217546,52.2194258148,640,640,585
422,0.83223789992,0.00220984284742,1063.43426977,1041.6406252,47.5648589173,632,632,584
423,0.829070382099,0.00205506434473,1075.92164974,1067.22455146,48.4207628982,630,630,571
424,0.832085902734,0.00214786076815,1094.64367507,1092.93753657,44.5994235318,629,629,575
425,0.830469787029,0.00232506080118,1120.66118362,1034.5639162,42.8195196554,639,639,580
426,0.82835216638,0.00233575021202,1097.46381556,997.227112329,43.5092730336,625,625,564
427,0.831387409877,0.0021801655844,1120.32623739,993.179297621,42.682437211,622,622,565
428,0.834374036742,0.00249085061708,1076.47703295,1046.57320574,46.0101666841,630,630,572
429,0.833134195041,0.00236973851616,1038.31960251,1144.10666551,43.2397234033,626,626,574
430,0.830870586943,0.00260703030311,1012.56235657,1163.26605992,44.5138923368,648,648,582
431,0.832344152974,0.00270331504571,1054.90100305,1193.50313656,47.85998254,633,633,563
432,0.836555493393,0.0026209394206,1051.36088525,1155.13197477,45.4447339169,636,636,573
433,0.836590951649,0.00260630447412,1079.14924549,1190.62432211,47.8961147137,642,642,582
434,0.831871642151,0.00221899983579,1038.52829333,1183.70461352,54.0576822796,629,629,568
435,0.833287273226,0.00269232211682,1078.52322504,1202.54652642,54.2958270742,624,624,563
436,0.830967101483,0.0025998705822,1031.0462873,1320.11417445,56.8226251594,611,611,541
437,0.83206832277,0.00247360308109,1023.53742584,1349.8018603,53.7307645593,634,634,565
438,0.829119727314,0.00240205812746,1025.60294063,1387.50775932,60.6593202564,631,631,564
439,0.833886971708,0.0022192472991,972.90315933,1367.47349057,54.2557075299,617,617,555
440,0.83367732833,0.00247246721846,955.294815448,1362.87967895,52.7605264257,634,634,568
441,0.831650441519,0.00239721956177,947.998935345,1441.14600153,61.6001903485,628,628,565
442,0.831344623855,0.00239803271404,953.456854588,1444.41038481,71.45844384,622,622,562
443,0.831036415839,0.00231002391583,1006.74721349,1384.478463,69.8133757917,633,633,582
444,0.830584641712,0.00213778343892,1022.56303857,1364.35433814,69.0636093374,640,640,586
445,0.828449740835,0.00229710385102,987.859478018,1363.79467942,77.3861800605,624,624,568
446,0.828334538898,0.002153732071,1023.9274707,1298.63614673,87.0929707867,621,621,566
447,0.831542204462,0.00215111767472,1067.92895093,1354.50987969,72.5680851907,625,625,577
448,0.831383028843,0.00206728508963,1078.69610087,1402.21751589,66.6718715241,632,632,583
449,0.8307339166,0.00220835966858,1132.99237766,1394.18047386,61.2144178324,607,607,551
450,0.832077288729,0.00240691494219,1230.89573788,1375.81459662,48.1085344854,622,622,566
451,0.8284494056,0.00205410342247,1248.14392519,1385.24798798,50.9721693968,611,611,548
452,0.834173363735,0.00227320360541,1267.00941794,1374.27508717,47.0361021005,620,620,573
453,0.832516994264,0.00200110459211,1231.83295901,1414.12390899,46.6459949011,616,616,561
454,0.83082213141,0.00201952823179,1308.16564597,1353.88637009,46.4670834266,627,627,576
455,0.83779555969,0.00202914908884,1302.25175351,1315.96984025,45.9313940432,616,616,580
456,0.834655277905,0.00226144167528,1327.47884952,1364.75252992,44.583350222,640,640,590
457,0.835963591893,0.00223269537632,1337.53484205,1390.02837274,38.9588520994,640,640,594
458,0.834076174443,0.0024062495021,1396.46948414,1380.28712875,41.6863428475,628,628,565
459,0.83143976079,0.00231138137606,1368.75185596,1384.14278851,43.8798705093,646,646,576
460,0.834003484828,0.00271462192291,1391.24830069,1332.54998509,45.888026447,622,622,560
461,0.833784697645,0.00200607034258,1479.36879981,1327.74436735,41.8850416036,627,627,565
462,0.834253622549,0.00207360299572,1467.20678307,1327.81974894,42.9238702458,631,631,581
463,0.834862475039,0.00233941801871,1519.6620219,1378.54086811,40.9777323134,620,620,560
464,0.835032766374,0.00234091570977,1516.09106384,1364.76849828,35.9283973505,623,623,563
465,0.836388633748,0.00259849677042,1541.00132957,1318.45450671,36.7463621948,637,637,573
466,0.835150326434,0.00258601824143,1592.79611277,1277.29339072,34.6150139805,624,624,553
467,0.83181736283,0.00245046318797,1622.9266229,1249.69119291,32.4780316535,637,637,562
468,0.836116907717,0.00251687704386,1594.49026179,1283.60424099,35.3226066009,628,628,562
469,0.836290822638,0.00248566864124,1597.08647571,1274.16573081,33.0130510088,623,623,558
470,0.834412731949,0.00234187686713,1684.97752328,1282.28550904,31.3218716195,635,635,563
471,0.838783251558,0.00235271218406,1680.86758481,1249.07206843,30.0064999815,638,638,579
472,0.833214299802,0.0022703971938,1709.90659635,1164.82250791,29.1409271523,639,639,564
473,0.835629079538,0.00217577177157,1743.62260255,1131.33580523,29.0187215698,663,663,599
474,0.832494171068,0.00225195558227,1756.79622163,1105.28657835,29.370776982,635,635,559
475,0.836068306314,0.00251713270365,1773.36221204,1170.95760707,30.4325158285,629,629,563
476,0.836517932879,0.00229702652698,1836.09829253,1177.53139796,32.1369375783,642,642,580
477,0.836014534299,0.00228899584014,1852.84759435,1186.08083289,30.7094159338,631,631,566
478,0.837079487914,0.00226690343066,1767.51979932,1172.36834601,34.2698322885,626,626,572
479,0.835438360271,0.00240603214908,1821.37806496,1190.91782989,31.9731972521,627,627,548
480,0.833952382037,0.00262027305817,1800.85116986,1171.33398298,32.5511887083,633,633,555
481,0.834699905182,0.00227200257215,1855.23405304,1224.92567531,32.08540546,641,641,574
482,0.835328756661,0.00235464152497,1848.02359452,1273.52624848,39.5470296068,643,643,582
483,0.829521982501,0.00207780792839,1830.47906343,1326.33437031,43.5899030691,621,621,555
484,0.830429939286,0.00246548568996,1912.12314216,1325.56954782,44.4510483522,627,627,566
485,0.830350678217,0.0021516637931,1863.43124281,1315.11237772,41.6022880069,624,624,567
486,0.828703315829,0.00206075944785,1967.18933174,1300.60164896,42.48841009,639,639,565
487,0.827728668127,0.0019885384365,2001.97205242,1274.33585785,37.8368279655,624,624,557
488,0.831498670196,0.00208739628573,1976.05346898,1293.86032498,40.5027049841,642,642,578
489,0.830999245775,0.00216523851438,2032.45062817,1237.4844566,36.2412169214,620,620,557
490,0.830991664968,0.00202484383675,2041.49736585,1195.09202296,39.7298735826,639,639,589
491,0.828886861477,0.00184062189924,2062.14759942,1269.01018626,41.2437718849,641,641,587
492,0.833863587135,0.0022060730643,2082.70567086,1205.88204283,42.8036447378,628,628,579
493,0.832838344186,0.00224448193529,2207.4042033,1159.51428084,45.2986350561,641,641,582
494,0.832475069503,0.00219203428819,2076.21838409,1221.46313095,45.8351504486,631,632,573
495,0.825939872863,0.00214547002986,1999.32077279,1270.18397539,47.5075104133,630,630,560
496,0.830422777172,0.00229578085332,1900.50144238,1286.32727469,45.7572195833,637,637,579
497,0.833163071628,0.00190951252918,1799.5356827,1249.82804206,50.8580873536,622,622,582
498,0.832712390339,0.0019728634699,1750.01948412,1177.18796487,51.1538478904,627,627,586
499,0.826979891658,0.0018944147026,1653.46362841,1200.17385426,54.2213218131,645,645,592
500,0.825594715367,0.0018724187606,1639.97825066,1184.62861176,55.0857733474,636,636,583
501,0.827303047249,0.00171479249248,1708.00052233,1159.91897365,54.5321155213,634,634,585
502,0.830220839793,0.00188010492562,1669.53394057,1121.62602164,54.814312895,643,643,600
503,0.827766731811,0.0020775945142,1670.36187518,1154.94175679,55.7029506497,645,645,597
504,0.828205582957,0.00181201158282,1548.20646169,1181.33024486,51.5194113629,617,617,573
505,0.827471691485,0.0017441168546,1552.25853387,1186.61809303,49.7579339988,633,633,593
506,0.824447622211,0.00165143055661,1504.3723171,1184.03919143,51.0176589019,636,636,582
507,0.826291938326,0.00156896700064,1490.78697424,1184.99226515,55.7600940595,640,640,594
508,0.829051663915,0.00176818169146,1378.64389419,1164.97947456,53.8661225862,644,644,609
509,0.831380224903,0.00195426644012,1472.20059366,1151.65000278,53.4005075717,623,623,591
510,0.824997076419,0.00166047288903,1379.7602419,1090.94433322,54.8676127492,635,635,588
511,0.824740001666,0.00191682426105,1443.13788481,1125.50219911,53.6694819775,627,627,577
512,0.826072249589,0.00216197108426,1474.38113703,1120.56492225,52.139720284,633,633,582
513,0.825705069356,0.00193177607827,1401.38430459,1168.61621872,52.3352031648,629,629,582
514,0.826261472846,0.00182427122009,1422.24789654,1170.34042958,53.5770786979,638,638,592
515,0.831432365318,0.00177058229389,1454.34193902,1153.00050454,49.1715983065,610,610,573
516,0.82752780679,0.00185181914805,1440.90760432,1223.79983826,51.0642743499,640,640,593
517,0.828215531728,0.00203504116003,1473.64692225,1280.75169429,46.5679721585,622,622,567
518,0.829706905209,0.00201307701481,1493.39387574,1272.93313095,43.6999928616,638,638,585
519,0.828614956721,0.00186307653109,1544.84475506,1169.2456815,42.9280441821,618,618,561
520,0.827264877819,0.00175766662931,1584.50704156,1102.76345461,44.1043355012,638,638,586
521,0.8303034667,0.00208317425119,1591.20831522,1067.40907124,47.0239551038,634,634,585
522,0.830301206734,0.00211366997721,1639.4956371,1040.14677576,49.2182705234,623,623,574
523,0.826134044969,0.00220307042786,1572.92486867,1004.01162452,54.5336386799,643,643,575
524,0.830308167625,0.00217606464654,1589.16260292,981.853944913,56.8275348134,636,636,578
525,0.829337171108,0.00228688326339,1648.25669025,990.413985661,57.0124705185,631,631,575
526,0.828192431241,0.0021688140854,1705.4819752,986.360347206,58.0920541946,637,637,576
527,0.826406732909,0.00236292200456,1706.1589193,985.87129384,54.7275967925,627,627,554
528,0.828473195384,0.00204176409053,1633.10627861,1049.37264062,53.8803896042,615,615,555
529,0.830341032079,0.00225856322187,1666.29446224,1007.17103666,52.2773200472,634,634,578
530,0.827384849948,0.00218535527181,1801.64287959,1011.36540252,53.7997557251,639,639,575
531,0.827755740255,0.00212786796557,1715.03767629,1050.89945991,53.8412799069,612,612,556
532,0.830913301942,0.00225906606896,1707.23351811,1049.84587,53.2988546838,650,650,586
533,0.830318067856,0.00231080424037,1731.03461856,1091.01353202,53.9958240648,644,644,585
534,0.829988744242,0.0021104168859,1828.90933306,1030.96624226,54.0143924424,638,638,574
535,0.833304504342,0.00218133528516,1897.03749606,1028.53978328,54.751510686,623,623,573
536,0.832292635453,0.00217238400991,1962.54159363,935.310230763,54.3117103648,637,637,585
537,0.833053776069,0.00260930167273,1908.51257594,1020.1960092,57.5843552035,630,630,568
538,0.828772293602,0.00271260184989,1957.10333036,1030.42897056,56.0212009534,633,633,557
539,0.832803614459,0.00258328141181,2136.35075215,1052.66487453,58.2965061521,611,611,544
540,0.832019518183,0.002757010486,2135.39362018,1050.40462795,57.5024015996,617,617,554
541,0.830462198172,0.00284920693933,2163.53931709,1033.16284492,55.2721121369,628,628,549
542,0.832515707154,0.00275991367296,2239.26910933,1029.19334963,56.2250329724,638,638,563
543,0.833850781435,0.0026410395244,2116.58915303,1026.52878216,54.3228662681,629,629,561
544,0.830503275103,0.00211333777508,2229.79932456,998.367862315,48.7418512743,628,628,555
545,0.833180950756,0.00240728481969,2151.55506791,1063.15656412,50.1974959003,626,626,565
546,0.834385862953,0.00231574253308,2148.60853754,1071.43037042,51.19249185,619,619,559
547,0.831936110821,0.00240869805697,2093.9001713,1130.45873334,44.2837074982,635,635,573
548,0.835588229721,0.00235237543836,2116.67029952,1142.67506056,39.5206440831,622,622,569
549,0.832865251995,0.00218778714962,2067.30245377,1135.93301234,42.1231649291,628,628,569
550,0.832801986486,0.00216397565666,2038.80222841,1155.30736776,40.1489109452,625,625,566
551,0.83499484607,0.00219174788834,1978.36092115,1187.67173882,46.1590035515,624,624,569
552,0.830201170614,0.0024765890136,1961.17517392,1191.89174884,49.398731845,646,646,575
553,0.829973128981,0.00224096929506,1973.32833004,1185.12667928,49.0306687299,634,634,571
554,0.831834154193,0.00231574255682,1908.57701897,1226.24329599,51.5257136716,654,654,585
555,0.831537271016,0.00219610682205,1879.68396627,1209.73830904,43.6916679694,644,644,583
556,0.830753162765,0.00196594352869,1862.05757852,1188.69713817,44.1496338607,625,625,569
557,0.832637284418,0.00226254981852,1830.25436103,1154.70838156,46.2429768728,645,645,589
558,0.831572269183,0.00229713436773,1781.96947577,1150.05442404,50.9268534003,626,626,574
559,0.832588945118,0.00212218210719,1848.89515211,1136.21370665,46.8231290112,631,631,578
560,0.832170137211,0.00186567266462,1878.20701166,1106.07903588,43.1953132814,612,612,559
561,0.829695759825,0.00207557568772,1859.77476084,1104.14093342,41.9769481556,638,638,579
562,0.828883044969,0.00211116465401,1901.30272283,1038.00787924,47.8302314856,639,639,578
563,0.832881914831,0.00230768109475,1889.8154831,992.680149721,50.5434596554,635,635,583
564,0.831477675045,0.00196705725137,1877.83997908,1022.37395998,47.2109835131,642,642,577
565,0.835628670851,0.00225946669082,1799.64247601,1017.43363778,45.34957319,622,622,576
566,0.831924460595,0.00205699688592,1726.75116523,993.252275122,38.9535034935,628,628,575
567,0.830356312268,0.00188906447702,1778.71180072,1000.71681022,38.731968778,636,636,582
568,0.828246602447,0.00170225822323,1895.09054109,1057.9683064,39.9338496363,622,622,567
569,0.830975116645,0.00174634357734,1940.64757259,1078.55866526,41.6260768122,611,611,570
570,0.829643096032,0.00173557623611,2019.2735051,1027.78262597,48.1423048684,634,634,590
571,0.828873708665,0.00201892826381,2101.96916344,1083.07849327,49.7223112184,636,636,582
572,0.831595298467,0.00225491887088,2063.3819356,1136.84229314,52.2351649526,639,639,589
573,0.827213616437,0.00185642161522,2244.94394867,1169.10425552,57.1372353463,628,628,577
574,0.827956999107,0.00202149630729,2283.76301539,1140.11790416,59.0639725328,625,625,566
575,0.830474400001,0.00216203432013,2303.96972162,1196.82596165,59.1543147021,646,646,598
576,0.828435176281,0.0018986840133,2220.80419407,1195.99452417,61.3728038673,632,632,585
577,0.826816226243,0.00220424299493,2215.65911491,1210.55227964,59.5881968266,637,637,589
578,0.828999715009,0.00194179559166,2260.80575365,1108.16760218,57.4199986255,632,632,584
579,0.829784468581,0.00219951248078,2221.24533733,1051.76862684,60.9384419223,623,623,576
580,0.829787774089,0.00191243790218,2282.98574484,1114.36293107,66.749964418,627,627,588
581,0.824378392929,0.00197234994119,2343.22982587,1089.35612545,67.8481341619,635,635,576
582,0.828799958379,0.0021735873988,2204.38216113,1071.87745022,69.3860168673,628,628,575
583,0.832508421166,0.00246508116428,2232.20082502,1089.44316548,70.070584066,617,617,565
584,0.829567500816,0.00211540787058,2244.88997026,1082.37274937,68.1643176296,633,633,578
585,0.82800725696,0.00210721206653,2209.12753806,1055.35395655,72.315277702,626,626,577
586,0.82680878478,0.00209239787029,2252.74553727,1115.1024006,71.9984626525,629,629,572
587,0.828250423803,0.00251761131655,2188.99709058,1152.41310268,78.0499538305,631,631,574
588,0.829540205606,0.00248177169726,2146.17644528,1082.33363869,77.333347499,623,623,567
589,0.830265623728,0.00225148355343,2056.65225517,1121.65587538,68.1772746347,625,625,567
590,0.827449635441,0.00208502285468,2028.07481311,1180.12489561,65.1728786435,638,638,576
591,0.829210485651,0.00210101102631,2017.52838276,1179.2001084,64.9988338279,626,626,572
592,0.828068874167,0.00216067098135,1993.99016694,1185.11816598,68.8583371824,615,615,555
593,0.830237894257,0.00200610109739,1903.2088775,1173.8364856,62.1817576338,631,631,578
594,0.831918293536,0.00227511224079,1954.10986888,1187.02390301,59.2010214937,627,627,579
595,0.83134672738,0.00199552077842,1836.05254452,1082.5016214,61.3620266681,653,653,601
596,0.828521860685,0.00172567484505,1881.76957891,1076.49064291,59.2970577527,635,635,588
597,0.831195390383,0.00196740911542,1801.53651395,1119.61726177,62.6472159501,638,638,592
598,0.831219683293,0.00259969312088,1622.76096444,1014.32601523,61.9597975718,628,628,569
599,0.829680141105,0.00221694424891,1572.26500723,1033.27374497,62.087946028,657,657,595
600,0.830782477904,0.00237807740516,1494.23689339,1066.21636362,60.3009176114,630,630,571
601,0.830559505779,0.00231257790835,1479.82368713,1025.40811541,58.7945250246,623,623,564
602,0.83125783726,0.00254353494435,1502.3974517,1084.12149971,59.5457001832,619,619,547
603,0.82829264023,0.00248711134904,1510.09559365,1039.81871638,63.2921389398,638,638,571
604,0.826921227796,0.00222812385241,1480.06926487,980.773225378,63.6943311378,630,630,563
605,0.8278284142,0.00249536107038,1532.99314201,955.024330587,66.0441539519,646,646,568
606,0.826656137816,0.00229543078391,1500.64217534,935.074591633,68.4405083138,633,633,560
607,0.830623549722,0.00223152616466,1464.8522318,974.682476679,58.7131065858,649,649,587
608,0.830998543008,0.00229720214297,1399.20425907,1035.18308816,56.5535368775,627,627,571
609,0.830920781837,0.0023484032273,1263.20116403,1034.92109845,54.1171586479,631,631,570
610,0.82978052205,0.00263118636422,1326.0634547,1088.97390635,59.2962375477,651,651,581
611,0.827945691452,0.00253618004176,1358.32497045,1086.20752631,59.3053748669,646,646,578
612,0.833837962942,0.00220010346521,1399.36753742,1070.54137233,54.6576509507,628,628,579
613,0.83157526698,0.00185934805252,1453.20856257,1120.24927909,52.531547438,635,635,587
614,0.832271734498,0.00207124104195,1582.69242136,1095.00560905,46.08941233,627,627,572
615,0.829737618848,0.00207802479844,1610.78207166,1075.02607539,48.4956601653,629,629,576
616,0.828856957687,0.00218455753669,1677.57009357,1098.31486458,49.8651482764,627,627,566
617,0.828732483426,0.00225303520956,1851.48001253,1094.5692733,48.3816226598,632,632,573
618,0.83018840963,0.00227238851331,1878.28632911,1147.04579566,47.4154944835,613,613,558
619,0.830836093879,0.00206950851945,1806.90109804,1101.70020431,47.011221754,640,640,586
620,0.829974601771,0.002008265621,1829.53317601,1127.34050658,44.6930720537,616,616,569
621,0.826501634831,0.0018728754657,1790.25881384,1117.14691051,44.9971801769,635,635,578
622,0.829398732021,0.00206902642008,1813.98280324,1165.2857533,45.3776794049,632,632,581
623,0.829278050585,0.00238087508055,1853.13585612,1116.72740457,52.053877771,636,636,585
624,0.828051524523,0.0022315855113,1811.9409767,1174.92960715,49.6270531161,632,632,571
625,0.827958302286,0.00182206488916,1806.27922865,1165.50721591,46.7965044689,631,631,568
626,0.833844168456,0.00195229707466,1740.6480055,1216.49784683,44.7726664009,626,626,588
627,0.82893018181,0.00177110084791,1695.37799291,1259.01460941,46.8525357283,621,621,572
628,0.827488539156,0.00193362876799,1747.33991113,1207.25200482,46.756106169,630,630,578
629,0.827282479858,0.00206838139526,1767.61406218,1214.51539894,46.2358200453,631,631,570
630,0.831471758025,0.00218978804367,1798.52178831,1254.18639207,43.0884287322,639,639,588
631,0.828563386718,0.0020975026183,1721.70235641,1202.86345243,43.0092099696,622,622,561
632,0.832024287765,0.00225380632049,1780.72321114,1198.39056402,44.0714585945,632,632,580
633,0.826462653318,0.00198038073178,1737.49105872,1211.44618945,40.6349401914,636,636,566
634,0.83041785331,0.0020837779652,1586.23917471,1128.45769959,40.2654515945,628,628,571
635,0.829993093867,0.0022573905703,1515.17500596,1075.12425717,38.1823727708,638,638,584
636,0.831367067639,0.00231432508831,1598.13988979,1083.96303164,43.0703454591,628,628,571
637,0.829490000326,0.00213109269552,1488.29508863,1052.41759338,42.4341608822,636,636,573
638,0.831557238266,0.00210903306783,1429.58178996,1007.26610699,42.9347880262,628,628,572
639,0.833539524245,0.00187073891682,1425.40302386,964.207619424,37.9992371678,616,616,568
640,0.832618899223,0.00198937295809,1419.18908335,928.17623243,38.56718903,631,631,582
641,0.830056225864,0.00203269200535,1420.67389191,878.908946471,35.5027662469,623,623,572
642,0.831945912422,0.00203397790784,1411.30731641,871.8470358,38.3345415668,627,627,572
643,0.83092528252,0.00217631346542,1334.02623333,908.174408294,36.8403329927,622,622,559
644,0.833335183528,0.00215533187418,1236.41382892,904.301952837,34.8563833042,637,637,580
645,0.83241154763,0.00218476041671,1210.05027547,903.60974778,35.3129448154,631,631,564
646,0.832581493566,0.00215958553386,1242.04638864,916.386726666,35.7265904064,640,640,584
647,0.830004937266,0.00224726129992,1204.16450885,868.107059148,35.7654880761,646,646,578
648,0.835221805611,0.00224538838266,1160.96008346,830.326964517,34.4352533604,632,632,577
649,0.833588992607,0.00218873009154,1119.8708733,834.464058555,32.1902781124,623,623,570
650,0.829693215208,0.00191130773911,1048.51836655,809.765880692,34.9160943641,632,632,577
651,0.829488423633,0.00194879508257,1087.90131649,824.363602727,34.1715738211,623,623,572
652,0.829572058104,0.00170735605117,1157.52217141,804.379484569,35.2699629342,638,638,592
653,0.82929049278,0.00166812131499,1144.04798336,768.026426121,38.3686637978,633,633,585
654,0.831513849128,0.00190872889858,1238.18589243,748.414738324,39.8505860709,627,627,582
655,0.829480291056,0.00190470941475,1215.35738239,788.074550259,42.3025516413,634,634,588
656,0.828511419003,0.00200558393685,1279.85000491,762.180161957,43.1013311361,633,633,578
657,0.826412262899,0.00192529829119,1400.85009311,765.61432101,49.4291131373,628,628,569
658,0.827108797366,0.00210003648137,1327.3631783,758.156896758,53.1076217962,640,640,579
659,0.829890882742,0.0020806135093,1336.25049286,753.52124697,51.2225089944,634,634,576
660,0.826170683238,0.00178659843513,1293.72425644,769.18235031,48.7304940308,639,639,576
661,0.829251693539,0.00194759134803,1326.19555813,804.141383912,50.1421988472,642,642,593
662,0.828268749656,0.00220869542336,1361.65468241,780.973894864,58.9813735948,631,631,574
663,0.831615458293,0.00245637784984,1386.28283323,787.403657545,59.4595192981,624,624,571
664,0.827242597553,0.00215267202767,1301.86882408,808.302874627,57.8616645409,641,641,584
665,0.826947511584,0.00237003472735,1293.83334217,802.349053299,59.5546135864,629,629,562
666,0.831288313989,0.0021949689743,1250.87226188,740.677540975,58.5310175891,635,635,583
667,0.831167124978,0.00215355269734,1269.99416895,720.566637543,52.912220063,621,621,565
668,0.831089420525,0.00222889039644,1343.279652,710.294246811,50.386902271,627,627,573
669,0.826081421586,0.0019976125847,1267.73521735,677.493311591,47.6866046688,630,630,569
670,0.828779301111,0.00199542679488,1256.06978738,709.305968711,54.4780737993,648,648,589
671,0.831249568705,0.00184486909091,1119.30503111,690.96358673,55.6040836947,627,627,580
672,0.832046291001,0.00228829787019,1104.38924315,734.859293533,52.2857824572,636,636,576
673,0.831222343947,0.00262664524357,1058.22765587,719.432038644,50.8832925455,637,637,566
674,0.830257316553,0.00242375938841,1094.38122234,702.3597815,46.8155925472,626,626,555
675,0.831092725686,0.00238249170477,1030.14083831,711.568622127,46.7924193164,634,634,569
676,0.833215187413,0.00231163053588,1072.29157301,750.382500877,46.7770573849,620,620,557
677,0.833685364264,0.00245559714376,1026.59165961,760.14402855,50.8470290028,639,639,579
678,0.832908653929,0.00216274694918,1017.99448372,741.618858351,50.937128857,661,661,606
679,0.831046248748,0.00210899672268,1027.01848932,801.805380004,52.7706954521,639,639,593
680,0.829257791668,0.00209751794813,1110.36308673,825.026971298,45.1730694257,623,623,569
681,0.831483926442,0.00210416668995,1091.19804287,817.610884402,42.0789804918,640,640,592
682,0.830945746445,0.00194386005612,1130.77109654,834.477908502,39.1971653096,624,624,573
683,0.832384233278,0.00211767150465,1081.04348655,834.842289285,40.228670632,641,641,595
684,0.829395975667,0.00217374664347,1060.35493669,839.284796498,39.1002045148,637,637,581
685,0.830647003116,0.00208211931306,1090.59825764,821.953576386,39.8057288229,626,626,571
686,0.830734903102,0.00214736187539,1056.20915519,814.880054787,39.927419062,626,626,574
687,0.831378350821,0.00234531527366,1184.38571792,808.530885678,42.3336137239,618,618,557
688,0.833046371063,0.00234016731268,1182.31034053,763.23957989,46.5020627947,614,614,567
689,0.827922875029,0.00224318855733,1122.22682455,712.247642576,48.5934549072,650,650,582
690,0.829618376373,0.00231678774278,1116.29233976,732.598710323,51.0579164343,638,638,573
691,0.829994060124,0.00253440231147,1110.54692601,744.591257982,49.7818197162,649,649,583
692,0.832032813284,0.00250371587316,1131.73443378,740.962376566,46.5814420221,639,639,573
693,0.83173333951,0.00234325047854,1097.0737638,733.38928658,43.7668235423,616,616,553
694,0.83220970727,0.00230114005045,1051.7150051,711.924563637,43.8694768164,637,637,574
695,0.829337681241,0.00232029658666,1045.32376136,715.020883817,49.3095709834,630,630,569
696,0.832044821787,0.00239749328962,1085.06061372,700.398476872,47.2803058818,628,628,555
697,0.830619910563,0.00259081996384,1032.40699718,697.427417822,42.1800192584,630,630,556
698,0.834093920726,0.00271214071649,1019.31997824,693.388449048,45.0623347916,633,633,565
699,0.831840742182,0.00246913854444,982.97475207,654.77388586,43.5754632,636,636,570
700,0.83341053077,0.00237841998162,1019.35080826,678.806256635,41.0279098616,653,653,585
701,0.831437191097,0.00217608143632,1026.167883,698.260553435,41.4929684716,639,639,577
702,0.829259072606,0.00201555421151,985.654041207,706.786281773,42.1035045439,629,629,570
703,0.831654265197,0.00209827818642,928.679024295,755.938854275,39.8274514389,644,644,587
704,0.830009133159,0.00192894911429,951.600426638,823.187213538,38.5846021996,634,634,574
705,0.835144332734,0.00198760244171,932.020414239,792.739681729,38.9796968207,633,633,590
706,0.827280379422,0.0019688990685,922.187291609,758.407152485,42.9551206108,626,626,568
707,0.835762181874,0.00193985903454,897.483575924,808.932161094,42.6867402252,621,621,587
708,0.831614665465,0.0019236736469,980.910289156,842.297962683,42.2625676379,624,624,581
709,0.829709969106,0.00212297435909,1085.36876692,876.026183951,44.0781429745,646,646,587
710,0.834688623936,0.00220349134214,1078.08988634,914.588359662,44.6121455253,623,623,577
711,0.832957106637,0.00235692179418,1095.92343042,940.693430614,41.8443427507,642,642,582
712,0.82820707505,0.00233012209685,1067.59744807,956.204956173,42.8932389197,633,633,569
713,0.833098890282,0.00214582862549,1064.52452458,923.398382942,43.7098600174,635,635,582
714,0.833207654459,0.00224114357284,1126.87340312,982.655955789,45.1895296035,635,635,579
715,0.831535708399,0.00218769220423,1126.66852365,990.164155542,45.7243538295,624,624,567
716,0.83198483266,0.00220599456857,1133.17064166,1069.16525868,43.1069889158,642,642,584
717,0.834651312284,0.00235595675427,1051.43436521,1004.79839855,42.5397583182,629,629,565
718,0.832086489074,0.00237498389395,1136.17017413,1023.47358446,41.9760454803,639,639,568
719,0.834529889701,0.00259804871219,1065.89727472,1056.83559526,43.250374402,632,632,562
720,0.835216770945,0.00275204035131,1022.66086269,1051.1750398,44.1685806059,642,642,574
721,0.833633382016,0.00226433613803,1075.4958371,1032.93152261,48.4042473252,642,642,576
722,0.834035109887,0.00254583677818,1182.65097894,1027.14166355,49.5766186928,632,632,571
723,0.832448708124,0.00238032180613,1137.13988448,1023.27602376,47.9121771552,640,640,573
724,0.834144164529,0.00220994162224,1100.34810881,968.906535454,47.4091715257,639,639,575
725,0.836938727355,0.00237963430754,1083.07978274,960.411438351,44.1836910167,621,621,565
726,0.835731164578,0.00291851467588,1097.07637374,980.481612537,44.038840029,632,632,556
727,0.835197299585,0.00250313491461,1144.44452115,1022.43215206,52.4670414696,644,644,579
728,0.831125961435,0.00265119137052,1117.78620807,989.812118048,53.5397538653,649,649,570
729,0.831563418837,0.00214223733571,1102.0046748,1028.00118403,55.288394128,629,629,565
730,0.833326006261,0.00230563132627,1068.11355005,1064.47104372,53.6138832945,636,636,575
731,0.835580659621,0.00235982740709,958.216889257,1076.46010897,51.3697179181,632,632,580
732,0.831414193681,0.0025381069717,1092.90710655,1162.66596842,53.34567983,644,644,573
733,0.829424940169,0.00223567889075,1102.40070066,1140.90186343,61.3430509679,630,630,566
734,0.83524380058,0.00252952611015,1128.20618134,1175.67918351,63.9334658848,613,613,554
735,0.830095498572,0.00202774567781,998.835656681,1255.02065289,58.3240027561,631,631,570
736,0.82970148225,0.00208475366218,968.660507488,1297.85339566,60.9315912506,625,625,567
737,0.82906872478,0.0020515983421,959.235918621,1267.81418655,61.3751549798,626,626,571
738,0.83396046527,0.00228190239682,1061.95825942,1262.08462077,58.0969562709,639,639,595
739,0.829511090927,0.00194114003691,1134.94282288,1318.12416927,64.4916761345,637,637,585
740,0.829841260508,0.00206676857271,1056.11456453,1366.14852917,58.6485045663,628,628,572
741,0.82376955259,0.00208950043372,1095.93557204,1392.3545528,61.6620270906,627,627,550
742,0.8283029694,0.00198087686584,1149.97201101,1372.88178017,64.7456051699,626,626,573
743,0.832351668984,0.00223099988261,1182.86653991,1394.2578952,61.9438326498,626,626,576
744,0.829934623155,0.00205769365258,1254.17830692,1304.18866536,62.762063322,636,636,580
745,0.831973138598,0.0021787657718,1276.32511493,1246.76270314,56.6266815991,641,641,585
746,0.830530985161,0.00234776766797,1227.94505131,1314.47160992,58.201886712,620,620,564
747,0.827744420353,0.00225907473377,1129.65533967,1368.84090974,52.8325432638,628,628,572
748,0.83103937714,0.0021502391144,1165.76597567,1338.99193262,44.9476926549,643,643,584
749,0.832718554495,0.0020921174917,1255.71883071,1323.67639468,42.7815671203,644,644,590
750,0.830458670604,0.00212247596758,1187.70164319,1364.70294453,38.6501726703,628,628,569
751,0.830092189876,0.00192984346355,1263.48003494,1372.73245027,41.9720629931,630,630,574
752,0.831129618562,0.00194987887376,1244.19222407,1335.07837849,41.9765129589,619,619,569
753,0.831079313369,0.00220668641908,1233.76183716,1376.97173206,43.7287206535,634,634,577
754,0.832269983246,0.00207170132325,1183.74540258,1370.45443548,44.4411091388,632,632,573
755,0.831904942535,0.00233336828893,1279.55533457,1341.77315364,49.0205675885,631,631,577
756,0.828584042584,0.0021631928959,1380.35021216,1348.7172182,46.6878674469,640,640,582
757,0.830271558369,0.00232229360544,1385.54606072,1343.04758289,44.0804314131,626,626,571
758,0.832125476088,0.00268250694632,1470.89144867,1365.67054566,47.2373582407,620,620,558
759,0.829391088214,0.00219726615101,1500.3002996,1315.38403723,46.0661692645,618,618,557
760,0.83247564178,0.00240891970022,1461.83352461,1285.23816106,44.1406772771,632,632,571
761,0.831267463322,0.00232388377357,1421.99385523,1314.61479427,45.2431454747,618,618,557
762,0.831010475323,0.00247952090516,1567.31357236,1258.50328275,49.8031360483,630,630,570
763,0.834140694746,0.00234750256648,1538.76466451,1242.21031311,50.1454053625,630,630,578
764,0.830874059312,0.00224111808273,1475.22366332,1325.34505763,52.2631640606,613,613,556
765,0.833781478513,0.00215384080035,1491.98189642,1420.48280352,52.2658007712,615,615,572
766,0.832330149866,0.00246552013669,1430.18012771,1408.90596206,49.7289932156,628,628,564
767,0.83200027412,0.00262738613105,1457.29254375,1352.0155031,50.8458635504,638,638,567
768,0.829081097969,0.00254404134435,1583.43897003,1356.60916072,52.5928420384,624,624,547
769,0.831871181383,0.00278318905584,1579.78368915,1443.76982359,53.9831228507,651,651,573
770,0.831857491961,0.00273636763062,1598.71970677,1371.77945418,53.5600538964,642,642,572
771,0.830115267124,0.00250572188001,1542.9826724,1375.44019029,56.9775410514,624,624,558
772,0.832533003573,0.00258591080386,1550.31145432,1379.44895211,58.6106799709,618,618,556
773,0.826961532933,0.00226427812665,1594.79086832,1412.08824599,60.9885973995,626,626,559
774,0.82427765176,0.00199483371022,1719.04101473,1468.39721277,62.5416761497,630,630,563
775,0.825021801135,0.00211462085063,1717.26100503,1497.48277515,62.4662580786,645,645,571
776,0.828319013609,0.00207269071153,1709.62783093,1521.80192541,61.6022454215,632,632,577
777,0.830256812933,0.00226763973835,1555.37506422,1542.74603783,52.5754888469,628,629,568
778,0.832953662922,0.0023272065097,1541.42594217,1424.29742119,53.8345664712,625,625,568
779,0.83002083389,0.00236932387325,1443.29540096,1471.81031876,51.4421608399,616,616,561
780,0.829563383864,0.0023059393667,1317.44913703,1383.83936855,57.9591886307,623,623,564
781,0.828751662078,0.00199673855948,1299.77799006,1374.75795223,52.6927365927,651,651,595
782,0.831406577758,0.0020550681532,1345.79244168,1349.78811872,52.3468480726,637,638,591
783,0.825764087217,0.00233179124221,1356.15082381,1317.79677059,61.6964024493,632,632,567
784,0.830513876678,0.00218058394916,1266.54729475,1338.7307986,55.0658361305,614,614,556
785,0.831024964039,0.00201143007862,1307.50558626,1343.8912043,52.4707353052,630,630,586
786,0.830741171073,0.00232160408008,1276.68593625,1306.21237302,58.8695068557,632,632,581
787,0.830846911142,0.00215314678937,1200.32434129,1268.67881778,52.0019089899,624,624,563
788,0.828196673303,0.00199195911087,1174.13817516,1304.44364788,50.993801502,621,621,563
789,0.831633682878,0.00207667593359,1132.82172525,1220.34922384,49.2800905972,616,616,568
790,0.837160384543,0.00194537462249,1029.09468886,1225.21820351,45.0517337331,639,639,604
791,0.831540142577,0.00202278519296,1146.90023991,1232.45616176,45.5984045594,645,645,597
792,0.831896928553,0.00209841597179,1135.62073158,1161.69164364,46.8098180896,608,608,563
793,0.830263414565,0.00229845201941,1152.99310486,1100.84377404,49.6762199125,631,631,572
794,0.830772331876,0.00213972735208,1214.76909613,1066.36980626,51.1178018772,619,619,563
795,0.833645726236,0.00212588797806,1128.78423399,1060.81126572,47.8150265756,643,643,596
796,0.830404673338,0.00226839076343,1095.92292057,1027.18475948,54.9350521918,631,631,577
797,0.829421836458,0.00198238715315,1114.31200136,1112.62420394,48.5041744749,647,647,594
798,0.831426360839,0.00240851973972,1030.49946742,1049.32737421,51.7526002483,616,616,558
799,0.830705310793,0.00203403326895,931.543284574,964.998099752,49.376962934,617,617,562
800,0.830765968918,0.00208064091698,881.723877429,980.965699552,49.0560118105,644,644,594
801,0.832429704694,0.00214468753385,839.761154416,953.232220389,45.352057514,629,629,571
802,0.82718221595,0.00198312483597,862.595377956,963.940150122,43.5490549295,637,637,575
803,0.832105652654,0.0018536238501,783.857486996,933.136295313,42.1437266541,613,613,569
804,0.829351644217,0.00172663246477,817.573363289,884.042410582,45.6092396052,617,617,576
805,0.830995283392,0.00176151407508,813.722387518,939.443157415,45.6558139057,629,629,592
806,0.828837683099,0.00166135235843,867.002744883,984.140145874,47.4409456411,632,632,597
807,0.826783468562,0.00181649521278,861.191052026,933.431768248,50.9301529503,626,626,583
808,0.827314571742,0.00196115378674,924.153054715,947.223394302,49.7500996657,625,625,577
809,0.827602070828,0.00189632432363,839.990012394,924.168542414,56.9376416795,620,620,570
810,0.827751396856,0.00202354489551,874.616768467,963.196289972,57.1829183821,616,616,564
811,0.828830536875,0.00201237072404,853.225137288,914.473485602,54.3943075939,623,623,574
812,0.827213135605,0.00206137132273,795.871278974,884.121358876,55.7679638094,639,639,585
813,0.828348044166,0.00194609798093,783.036704012,892.713829176,56.54544597,631,631,583
814,0.823349401228,0.00207988278263,810.151255717,917.449516374,61.3109993817,648,648,585
815,0.826838097218,0.0022953252915,774.551311847,904.452300161,59.9887474108,635,635,577
816,0.830385607965,0.0022723809531,849.412334488,1021.61740904,63.5474540638,623,623,575
817,0.828682168039,0.00194386999702,790.894022746,1071.01448285,62.1432310216,622,622,578
818,0.828072591736,0.00199252321876,768.417561716,1055.34880403,60.6422017995,619,619,567
819,0.82905354647,0.00233619178251,733.794685529,1067.95402786,71.8048511323,631,631,582
820,0.829703718632,0.00214147656435,792.418249208,1075.02259835,64.1573227484,638,638,594
821,0.827101082084,0.00186318222696,810.857448069,1039.34149573,60.588782656,620,620,574
822,0.831030057052,0.00200680133693,763.978913834,1021.95294353,62.0234279743,634,634,584
823,0.830224364881,0.00208855958368,749.898823689,1017.94791311,58.0191094321,625,625,569
824,0.829872461483,0.00208786608154,744.713257596,1025.68630971,57.1173216991,637,637,586
825,0.830458371007,0.00171777455796,646.297799188,937.247238276,57.1012142253,638,638,598
826,0.829866068022,0.00192805788969,701.787695728,997.137237222,52.4248672554,621,621,581
827,0.829642255753,0.00198992702645,701.454611734,1147.26284748,51.9312907233,636,636,585
828,0.827862094637,0.00201460235082,749.597743379,1116.56228168,51.3337805872,636,636,577
829,0.829978139091,0.00197513378011,693.226904893,1031.73119102,52.7152197138,635,635,589
830,0.829344602163,0.00217758844306,703.917245967,1066.50028994,54.9406942976,629,629,575
831,0.829131213525,0.00182749029891,742.454575555,1095.04667546,55.9895443592,633,633,584
832,0.831595119406,0.00188429370322,736.734600995,1110.87390958,56.4163323654,638,638,598
833,0.83106850809,0.00220918897256,745.860996305,1123.35829513,50.603718444,618,618,569
834,0.830876722187,0.00200527895304,809.53646575,1087.69527269,50.7224776678,635,635,589
835,0.829265856885,0.00186581319206,728.521282335,1020.9677952,49.6169565689,637,637,590
836,0.829629689035,0.0018860530113,798.03715998,1040.871374,48.590888131,638,638,589
837,0.828589049579,0.00206629151995,831.100668494,1050.83566833,51.3057032704,627,627,573
838,0.829664730029,0.00211649032583,811.679256924,1046.08279679,49.5091696311,632,632,573
839,0.829316649759,0.0020225653463,847.245009152,1099.23465296,52.6729356654,631,631,580
840,0.827252947007,0.00224134279594,792.673632068,1026.59243747,51.7139212021,644,644,586
841,0.827955324163,0.00191207529534,823.590109811,1059.43399447,45.7352922013,633,633,573
842,0.829692183844,0.00198595452737,778.627545828,1052.65774034,46.668980497,629,629,573
843,0.83081640529,0.00216454527934,843.42302904,1109.03074722,48.5947327768,636,636,584
844,0.829652830319,0.00227166533834,766.776258866,1081.17087489,46.3789388017,606,606,556
845,0.830770270657,0.00223163080286,742.722699424,1006.66680796,44.1402505232,633,633,568
846,0.830631635585,0.00204317912598,771.319971977,987.448896688,47.2274553907,639,639,582
847,0.829270848518,0.00209666922657,771.389232945,970.955124923,46.9130874212,656,656,599
848,0.8338391678,0.00214449908361,716.960029923,920.772634705,47.5513224781,632,632,585
849,0.832089466631,0.00207758302593,776.416710602,920.576887947,50.0635450141,639,639,587
850,0.835744397208,0.00211142171975,690.166045786,842.923575311,54.4281148056,625,625,574
851,0.832403589278,0.00236855309115,676.439733109,873.334270047,52.233918379,634,634,578
852,0.830039199531,0.00237894770422,667.513681122,863.85798015,50.8995224675,633,633,558
853,0.834460549857,0.00256417599987,630.892457679,803.175015076,50.4622353674,637,637,571
854,0.832729186476,0.00268684224495,601.042450471,803.591754574,53.1253400126,633,633,556
855,0.831253230175,0.0027118189118,590.514834919,838.118736859,51.9893288129,611,611,544
856,0.829313687077,0.00257340091736,523.649235741,711.339305086,51.5792215413,633,633,561
857,0.826022811995,0.00217466808184,578.282409556,772.699705309,51.2069049079,640,640,568
858,0.835267715983,0.00213758393944,627.210068976,886.327297103,48.5774897462,635,635,588
859,0.830714354495,0.0018834149466,591.305506736,871.352908418,48.7483674096,640,640,591
860,0.832452407115,0.00201634083011,594.253388433,894.875504523,47.8442598554,632,632,579
861,0.831681868842,0.00215269971613,547.387438018,849.239917883,49.2557786698,641,641,583
862,0.828745620899,0.00186581821433,561.092358961,831.672310118,50.644448732,641,641,587
863,0.827915698618,0.00210541634511,554.352710949,871.46145309,57.9005386146,630,630,569
864,0.833631667272,0.00198225737471,494.513405833,858.215117993,51.9207250706,613,613,573
865,0.831840478569,0.00232753129139,494.24938593,886.192695806,50.8620211741,643,643,584
866,0.827765695442,0.00209775934536,477.79872725,998.779398555,51.6959776908,630,630,564
867,0.832707915647,0.00201864374158,476.642455491,1046.70867346,53.8286486838,620,620,567
868,0.829059223588,0.00213451720531,428.80319485,1089.43389169,58.7990089212,647,647,580
869,0.833147099331,0.00224992556137,441.916293168,1157.97228412,51.4569789675,632,632,577
870,0.832624625995,0.00218071807203,436.877805297,1201.38713614,56.6988023824,633,633,579
871,0.828396102645,0.00211140795002,414.775224898,1354.1980686,50.2770449957,624,624,565
872,0.830092711024,0.00209647574903,409.702012465,1296.24376934,44.6621842207,628,628,561
873,0.837979842314,0.00221528546836,425.173063492,1289.31032874,40.1633959482,640,640,594
874,0.834167906528,0.00227518799668,431.019044125,1349.57882405,36.4153738875,620,620,559
875,0.836582252964,0.00261372228656,423.714020133,1319.45892117,38.5467206652,626,626,559
876,0.839439459686,0.00265679179267,450.893533055,1518.43183984,35.8037949624,637,637,578
877,0.832352897707,0.00283285869966,454.445123501,1508.07636811,31.181062004,641,641,570
878,0.831418588067,0.00253500581061,449.67112251,1648.09125156,31.3519197278,629,629,552
879,0.833604124508,0.00222793771279,443.953872918,1533.22057317,31.2614979575,633,633,562
880,0.834592638351,0.00255281106649,439.632399378,1540.64815687,28.6317387851,630,630,563
881,0.834950342387,0.00254498890783,410.11673216,1525.08818869,31.7831368328,615,615,546
882,0.827933860881,0.00254335527478,391.089743742,1614.755538,33.1221754849,627,627,533
883,0.834484379941,0.00269211646124,424.247114576,1804.5677186,35.265267667,633,633,565
884,0.834410922572,0.00227641222962,413.182760958,1565.23475245,36.4410941929,617,617,558
885,0.833182144081,0.00207825591425,397.186114677,1475.50982822,36.0319691323,634,634,581
886,0.833625435112,0.00236113797953,434.34199755,1509.58708137,39.0196646677,626,626,564
887,0.836051784976,0.00213888313092,446.749040982,1405.42578208,38.4699796276,637,637,588
888,0.834657672366,0.00238469585482,428.343156063,1213.95634119,39.6552030754,619,619,568
889,0.831468888805,0.00224816208119,437.574911706,1219.30778111,39.7264709945,642,642,574
890,0.829694402713,0.00208471138524,411.986823499,1164.40664473,38.7994237939,619,619,557
891,0.828151415744,0.00250708368783,435.59500954,1149.44682088,42.4576563465,622,622,558
892,0.829804884366,0.00226471553937,463.75983649,1105.82283334,42.0940868202,626,626,566
893,0.82692715732,0.00235969205406,437.493007694,995.225347718,48.8567335298,637,637,567
894,0.827411247535,0.00246050604884,453.274249575,964.13882319,51.9460657375,627,627,557
895,0.830600700406,0.00244304255491,428.135984092,1064.1444131,48.71051375,623,623,561
896,0.830265087392,0.00223721499402,464.963171268,998.234665611,48.8156089921,628,628,569
897,0.828305258165,0.00208567073675,474.703095379,1113.40081834,48.2473751732,630,630,570
898,0.832380910416,0.00213829580937,521.244742376,1219.64212442,47.2572685315,638,638,585
899,0.825223181364,0.00237948416791,550.513087521,1257.64306151,46.3891971402,627,627,558
900,0.825938585404,0.00223575066651,584.31411029,1260.54801566,48.0232731024,623,623,554
901,0.830429553845,0.00220705253561,583.849603548,1279.02460431,49.3347767387,627,627,566
902,0.832867999731,0.00211659660226,600.557385705,1335.37408429,50.685759196,622,622,581
903,0.828634716589,0.00183516929993,585.019264546,1328.24550963,51.8901559173,645,645,599
904,0.82608955831,0.00172468783351,599.974747196,1240.32487887,50.8304933938,636,636,586
905,0.828210496687,0.00180404362989,576.589618663,1259.02368799,53.5265037471,641,641,597
906,0.826853200034,0.00200846110842,590.70209805,1339.83188213,55.0634219476,625,625,575
907,0.827370653477,0.00200769692628,585.096765299,1215.23851921,57.7982170235,620,620,566
908,0.827765459096,0.00202878725091,590.524458669,1358.48274502,58.2036577548,638,638,591
909,0.825165824403,0.0020085880383,603.815610254,1161.59063877,59.2461228828,622,622,566
910,0.825450402891,0.00218336902672,569.65042797,1095.19425105,60.0382699744,628,628,570
911,0.825204700017,0.00190641860584,599.966622302,1136.49693124,61.2516976691,636,636,581
912,0.82812019656,0.00194627202282,592.530459103,1191.16188802,62.225038153,624,624,579
913,0.827370651148,0.00205128647942,563.089821093,1201.1978807,62.6131115609,653,653,602
914,0.829411058487,0.00196412339818,569.69281952,1151.8638134,66.988599134,622,622,577
915,0.829724362663,0.0019924502367,589.054596159,1293.79485912,66.8239992991,628,628,587
916,0.825642746921,0.00195462231161,606.937663332,1269.88764584,64.5713115943,642,642,583
917,0.831903274808,0.00200002003797,672.179019468,1289.02262714,64.5243880608,617,617,574
918,0.828677888479,0.00206308289781,679.662467407,1192.41513794,63.4927751478,630,630,580
919,0.828024515316,0.00207996315069,688.50920953,1158.24880163,58.0925185824,623,623,568
920,0.828858251244,0.00199591421314,684.592965969,1051.14162731,56.1737684595,623,623,575
921,0.831361936111,0.00238357413207,691.13005397,1094.40175747,56.3254050514,620,620,569
922,0.829444634282,0.00221528623717,679.986284236,1222.29743263,52.7520888056,632,632,569
923,0.832215191808,0.00240967507117,662.197391282,1175.70904694,47.9873175032,635,635,577
924,0.829002454519,0.00205947786929,655.132283753,1197.36991985,45.3334463139,627,627,567
925,0.836013701611,0.00204205149485,672.238634602,1229.59417055,40.0604653412,627,627,587
926,0.837357109593,0.00242774608075,669.863609864,1203.88922414,41.8033902927,624,624,572
927,0.832786663434,0.00234062759227,698.86876546,1222.60578682,42.4506747879,636,636,577
928,0.831622404846,0.0023782322612,681.731240858,1329.38362271,47.5702525177,626,626,564
929,0.830371151644,0.00246396083446,705.44665581,1306.34031271,52.1834851462,634,634,574
930,0.829693719019,0.00236556251765,718.325302198,1327.35409984,52.2710940286,637,637,577
931,0.827712830629,0.0019752018777,692.432256999,1306.0576801,51.045580592,601,601,550
932,0.827607578352,0.00187001365282,685.969819444,1324.44100119,49.5852431676,643,643,589
933,0.830882919743,0.00207649001567,750.492369348,1390.11037598,49.2214171504,642,642,585
934,0.831521919877,0.00212884851104,754.130421795,1310.87131719,50.8641543593,626,626,566
935,0.833774845785,0.00216873141436,782.083026127,1315.07298981,51.801671706,627,627,574
936,0.830249474127,0.00226210755964,780.840938321,1227.18356703,48.7340994276,636,636,579
937,0.832147240486,0.00211950975739,810.248987603,1102.31621245,45.7412823418,654,654,593
938,0.830689583968,0.00216099528537,820.656721415,1141.69493665,48.4026042106,641,641,585
939,0.832696983138,0.00240859665329,811.406587045,1218.1301964,49.8492587516,615,615,550
940,0.831294578121,0.0021681426767,816.439877657,1153.67382007,47.3806177175,633,633,576
941,0.832156512364,0.00213947549683,790.165490767,1120.29919382,44.5458460448,627,627,571
942,0.827463112407,0.0021666128162,807.733554873,1171.43130434,44.723717412,614,614,556
943,0.834008240093,0.00212352407476,848.233647456,1170.93170588,45.4472949872,640,640,588
944,0.826314858903,0.00188595338179,788.994843135,1248.94237655,49.7536869592,630,630,573
945,0.829644856088,0.00231436741595,778.51781861,1272.4803641,50.3823130383,636,636,578
946,0.825667573192,0.00203823609888,769.024634601,1261.51994872,49.3298586627,628,628,552
947,0.832178335875,0.00260595470153,775.663385108,1241.45593594,49.9818556914,635,635,574
948,0.829796430941,0.00229275248496,809.395211746,1280.45510809,52.023979072,629,629,566
949,0.827484714125,0.0025261356331,802.1505692,1361.15265297,53.4768265503,646,646,559
950,0.830479060758,0.00245147439301,789.265277624,1465.36584681,57.5303485056,606,606,538
951,0.83248246188,0.00222663944151,820.535279889,1538.54950785,50.0750280879,618,618,560
952,0.831230791225,0.00218979926583,819.611437918,1578.96121035,47.7943173333,633,633,575
953,0.833178402726,0.00220309727232,810.879353497,1699.57661727,48.4822314511,631,631,578
954,0.830886566535,0.00224541487806,810.08831428,1802.34515079,51.407005118,628,628,574
955,0.826084160712,0.00200936709078,813.494323836,1833.83596115,50.5342085631,625,625,559
956,0.829214386332,0.0022948297062,852.65226257,1877.9525891,52.8337992077,647,647,583
957,0.832544746792,0.00229024302093,822.691027674,2079.50089828,58.3549100591,632,632,574
958,0.832964724964,0.00211135811658,804.459093607,2072.16626203,59.1711285445,635,635,587
959,0.827262962322,0.00184400403472,715.289074736,2155.94858404,59.5353939807,626,626,577
960,0.825351030903,0.00178668223677,706.384037242,2104.9708885,59.2782806342,641,641,591
961,0.831521229039,0.00176262625715,737.776779222,2190.2014225,64.8467178952,635,635,601
962,0.829336386708,0.00183365569301,751.365880619,2100.19275703,63.5683549149,637,637,596
963,0.832443535283,0.00227106411521,775.605586168,2057.24140136,57.8123028725,649,649,601
964,0.831733195407,0.00185275849351,805.441435057,2179.71355304,52.3160907603,653,653,604
965,0.82936420676,0.00216298413372,826.833655579,2150.29252467,52.5107374677,633,633,576
966,0.829465688593,0.00186105405726,788.358192466,2466.65789104,53.2091087998,643,643,595
967,0.829675284574,0.00200424616138,855.54071841,2617.46340432,57.0676305665,618,618,570
968,0.829677224592,0.00208244493689,798.497139544,2635.85782556,55.1021786044,632,632,579
969,0.831306987248,0.00206686801337,789.694394523,2625.11091441,55.0151129851,622,622,572
970,0.833936743689,0.00209754711903,805.762579012,2686.74843536,53.058501738,618,618,573
971,0.830659791672,0.00206924241385,785.08768269,2704.62879834,54.582594715,626,626,574
972,0.829503461751,0.00212910113685,777.708394989,2606.09975793,49.7996676578,636,636,581
973,0.828687494131,0.00195350524643,775.164856222,2552.00075099,43.0808802091,629,629,571
974,0.832518968275,0.00187016696813,789.610099869,2672.35688702,41.3054088079,640,640,590
975,0.83362459206,0.00170329231069,801.718575821,2722.70860816,44.6891597875,606,606,568
976,0.832914576253,0.00197448186681,796.723455078,2653.57025653,43.2070439629,634,634,585
977,0.829141002459,0.00210901410145,794.941880803,2469.73089148,47.3122399914,631,631,575
978,0.832451886788,0.00224244621205,730.926252639,2655.47934032,48.0169028085,651,651,599
979,0.831058059952,0.00214404246462,731.318442113,2483.33290418,44.7303004872,616,616,563
980,0.82954432316,0.00185348802625,768.314771993,2428.54463433,45.5224265541,617,617,564
981,0.827576167743,0.0020977854152,728.384249293,2637.86755824,49.4650664532,625,625,571
982,0.830176243335,0.00185387570661,752.233441523,2698.43215273,56.9326655887,641,641,598
983,0.827580690393,0.00201220615803,763.828182557,2590.83694367,54.7557420141,632,632,582
984,0.829484930023,0.00204475711339,789.77996451,2538.78088444,59.639509462,634,634,585
985,0.827097321256,0.00199250893564,787.289093313,2615.67546603,59.4142035712,647,647,592
986,0.831376729444,0.00184918465624,806.235016645,2442.48858611,58.0528190581,628,628,590
987,0.826875493447,0.0019012563445,797.595167539,2428.52475988,64.550919468,631,631,588
988,0.826808511397,0.00178322087971,799.256429421,2424.63155345,56.1773904963,620,620,572
989,0.830313070336,0.00178418635645,869.772320082,2352.33247323,56.1001444461,636,636,599
990,0.829317004656,0.00183309323437,865.595058554,2381.71777217,53.1219253904,630,630,585
991,0.83125597093,0.00209674311527,809.000959871,2307.55817361,56.5156123696,619,619,576
992,0.828752390075,0.00214453453583,811.798149087,2141.97290589,59.1743371128,642,642,587
993,0.828100028623,0.00195535099748,846.526361039,2108.65924581,64.3654205318,622,622,569
994,0.827251769913,0.00210937132177,843.273127322,2097.85186106,69.0536030863,627,627,575
995,0.828571705246,0.00191366961929,772.893012286,2273.00060114,69.135620965,630,630,579
996,0.829226761901,0.0020847809422,723.308977629,2264.67043434,72.8624817749,628,628,580
997,0.829450550205,0.00221447153632,748.208360112,2304.36935087,71.704972546,637,637,584
998,0.827917305876,0.00203495551887,763.308777634,2149.58055801,74.3228573513,629,629,578
999,0.830143759167,0.00224779251386,658.282368567,1910.78708998,77.7153811205,625,625,571
